compound index,SMILES,blood mean0.5min,blood mean1min,blood mean2min,blood mean5min,blood mean7min,blood mean10min,blood mean12min,blood mean13min,blood mean15min,blood mean20min,blood mean30min,blood mean40min,blood mean45min,blood mean55min,blood mean60min,blood mean70min,blood mean75min,blood mean90min,blood mean110min,blood mean120min,blood mean125min,blood mean150min,blood mean180min,blood mean220min,blood mean240min,blood mean300min,blood mean330min,blood mean360min,blood mean440min,blood mean480min,blood mean550min,blood mean720min,blood mean1440min,brain mean0.25min,brain mean0.5min,brain mean1min,brain mean2min,brain mean5min,brain mean7min,brain mean10min,brain mean12min,brain mean13min,brain mean15min,brain mean20min,brain mean30min,brain mean40min,brain mean45min,brain mean55min,brain mean60min,brain mean70min,brain mean75min,brain mean90min,brain mean110min,brain mean120min,brain mean125min,brain mean150min,brain mean180min,brain mean220min,brain mean240min,brain mean300min,brain mean330min,brain mean360min,brain mean440min,brain mean550min
1011-18F Biotion1,O=C(CCCC[C@H]1SC[C@@H]2NC(=O)N[C@@H]21)NCCCF,,,,1.07,,,,,,,,,,,0.14,,,,,,,,,,,,,,,,,,,,,,,,,,,,,,,,,,,,,,,,,,,,,,,,,
1011-18F Biotion2,O=C1N[C@H]2[C@H](CS[C@@H]2CCCCCF)N1,,,,0.88,,,,,,,,,,,0.3,,,,,,,,,,,,,,,,,,,,,,,,,,,,,,,,,,,,,,,,,,,,,,,,,
1012-18F3a,FCCCCCC[P+](c1ccccc1)(c1ccccc1)c1ccccc1,,,,,,0.72,,,,,0.29,,,,0.19,,,,,0.14,,,,,,,,,,,,,,,,,,,,,,,,,,,,,,,,,,,,,,,,,,,,
1013-18F1,CN(C)c1ccc(/C=C/c2cn(CCF)nn2)cc1,,,3.35,,,,,,,,2.16,,,,1.27,,,,,0.98,,,,,,,,,,,,,,,,,5.38,,,,,,,,0.68,,,,0.52,,,,,0.48,,,,,,,,,,
1013-18F5,CC(=O)c1cc(/C=C/c2ccc(OCCCF)cc2)cc(C(C)=O)c1,,,2.08,,,,,,,,0.98,,,,0.43,,,,,0.38,,,,,,,,,,,,,,,,,3.26,,,,,,,,2.09,,,,1.13,,,,,1.0,,,,,,,,,,
1015-18F12a,CNc1ccc(/C=C/c2ccc(OCCOCCF)cc2)cc1,,,3.14,,,,,,,,2.8,,,,2.51,,,,,2.03,,,,,,,,,,,,,,,,,7.77,,,,,,,,1.59,,,,1.61,,,,,1.39,,,,,,,,,,
1015-18F12b,CNc1ccc(/C=C/c2ccc(OCCOCCOCCF)cc2)cc1,,,2.64,,,,,,,,2.42,,,,2.04,,,,,2.77,,,,,,,,,,,,,,,,,8.14,,,,,,,,3.0,,,,2.6,,,,,2.14,,,,,,,,,,
1015-18F12c,CNc1ccc(/C=C/c2ccc(OCCOCCOCCOCCF)cc2)cc1,,,3.22,,,,,,,,1.88,,,,1.81,,,,,1.6,,,,,,,,,,,,,,,,,6.59,,,,,,,,1.27,,,,1.2,,,,,1.21,,,,,,,,,,
1015-18F12d,CNc1ccc(/C=C/c2ccc(OCCOCCOCCOCCOCCF)cc2)cc1,,,4.99,,,,,,,,4.66,,,,2.89,,,,,2.59,,,,,,,,,,,,,,,,,7.3,,,,,,,,2.43,,,,1.77,,,,,1.62,,,,,,,,,,
1019-18F3a,Nc1ccc(/N=C/c2ccc(F)cc2)cc1,,,14.42,,,,,,,,0.6,,,,,,,,,,,,,,,,,,,,,,,,,,2.28,,,,,,,,0.27,,,,,,,,,,,,,,,,,,,
1019-18F3b,CNc1ccc(/N=C/c2ccc(F)cc2)cc1,,,13.95,,,,,,,,0.8,,,,,,,,,,,,,,,,,,,,,,,,,,1.95,,,,,,,,0.38,,,,,,,,,,,,,,,,,,,
1019-18F3c,CN(C)c1ccc(/N=C/c2ccc(F)cc2)cc1,,,16.41,,,,,,,,2.49,,,,,,,,,,,,,,,,,,,,,,,,,,2.32,,,,,,,,0.74,,,,,,,,,,,,,,,,,,,
1019-18F3d,Oc1ccc(/N=C/c2ccc(F)cc2)cc1,,,13.9,,,,,,,,0.17,,,,,,,,,,,,,,,,,,,,,,,,,,1.76,,,,,,,,0.08,,,,,,,,,,,,,,,,,,,
1019-18F3e,COc1ccc(/N=C/c2ccc(F)cc2)cc1,,,14.12,,,,,,,,0.75,,,,,,,,,,,,,,,,,,,,,,,,,,2.33,,,,,,,,0.54,,,,,,,,,,,,,,,,,,,
1019-18F3f,O=C(O)c1cc(/N=C/c2ccc(F)cc2)ccc1O,,,24.99,,,,,,,,0.43,,,,,,,,,,,,,,,,,,,,,,,,,,3.08,,,,,,,,0.28,,,,,,,,,,,,,,,,,,,
1026-218F,O=C(NC1CCN(Cc2ccc(F)cc2)CC1)c1ccc(I)cc1,,,,,,,,,,,0.033,,,,0.023,,,,,0.016,,,,,0.013,,,,,,,,,,,,,,,,,,,,1.23,,,,1.313,,,,,1.306,,,,,1.36,,,,,
1033-18F5,N#Cc1ccccc1OC[C@@H](O)CNCCNC(=O)Nc1ccc(OCCF)cc1,,,,,,,,,,,0.18,,,,,,,,,,,,,,,,,,,,,,,,,,,,,,,,,,,,,,,,,,,,,,,,,,,,,
1033-18F6,N#Cc1ccccc1OC[C@@H](O)CNCCNC(=O)Nc1ccc(OCCCF)cc1,,,,,,,,,,,0.21,,,,,,,,,,,,,,,,,,,,,,,,,,,,,,,,,,,,,,,,,,,,,,,,,,,,,
1033-18F7,N#Cc1ccccc1OC[C@@H](O)CNCCNC(=O)Nc1cccc(OCCF)c1,,,,,,,,,,,0.14,,,,,,,,,,,,,,,,,,,,,,,,,,,,,,,,,,,,,,,,,,,,,,,,,,,,,
1035-18F19,FCCOc1ccc(CN2CCC3(CC2)OCc2ccccc23)cc1,,,1.71,,,,,,,,0.72,,,,0.8,,,,,1.2,,,,,,,,,,,,,,,,,8.07,,,,,,,,9.32,,,,9.1,,,,,8.99,,,,,,,,,,
1035-18F23,FCCOCCOCCOc1ccc(CN2CCC3(CC2)OCc2ccccc23)cc1,,,1.97,,,,,,,,2.96,,,,3.35,,,,,3.52,,,,,,,,,,,,,,,,,5.79,,,,,,,,5.2,,,,4.63,,,,,3.91,,,,,,,,,,
1039-18F10,FCCOCCOCCOc1ccc(CN2CCN(Cc3ccc4c(c3)OCO4)CC2)cc1,,,3.63,,,,,,3.42,,2.53,,,,1.82,,,,,1.15,,,,,,,,,,,,,,,,,6.42,,,,,,1.66,,0.97,,,,0.84,,,,,0.77,,,,,,,,,,
1039-18F6,FCCOc1ccc(CN2CCN(Cc3ccc4c(c3)OCO4)CC2)cc1,,,1.29,,,,,,1.05,,0.92,,,,1.11,,,,,0.88,,,,,,,,,,,,,,,,,6.0,,,,,,6.3,,5.73,,,,5.23,,,,,4.72,,,,,,,,,,
1041-18F3d,Fc1ccc(CN2CCN(c3ccc4c(c3)OCCO4)CC2)cn1,,,,1.62,,1.29,,,1.23,,0.53,,,,,,,,,,,,,,,,,,,,,,,,,,,4.93,,2.85,,,2.27,,1.47,,,,,,,,,,,,,,,,,,,
1042-18FI,O=[N+]([O-])c1nccn1CC(O)CF,,,,,,,,,,,,,,,0.27,,,,,,,,0.12,,,,,,,,,,,,,,,,,,,,,,,,,,0.27,,,,,,,,0.13,,,,,,,
1042-18FII,O=[N+]([O-])c1nccn1CCF,,,,,,,,,,,,,,,0.25,,,,,,,,0.15,,,,,,,,,,,,,,,,,,,,,,,,,,0.24,,,,,,,,0.11,,,,,,,
1042-18FIII,Cc1ncc([N+](=O)[O-])n1CCF,,,,,,,,,,,,,,,0.29,,,,,,,,0.06,,,,,,,,,,,,,,,,,,,,,,,,,,0.29,,,,,,,,0.07,,,,,,,
1043-125I-1,CS(=O)(=O)N1CCC(Oc2ccc(CC(=O)N3CCC(N4C(=O)CCc5ccccc54)CC3)c(OC/C=C/I)c2)CC1,,,,,,,,,0.58,,0.58,,,,0.55,,,,,0.38,,,,,,,,,,,,,,,,,,,,,,,0.05,,0.05,,,,0.04,,,,,0.02,,,,,,,,,,
1043-125I-2,CS(=O)(=O)N1CCC(Oc2ccc(CC(=O)N3CCC(N4C(=O)CCc5ccccc54)CC3)c(OC/C=C/I)c2)CC1,,,,,,,,,0.22,,0.23,,,,0.32,,,,,0.31,,,,,,,,,,,,,,,,,,,,,,,0.02,,0.02,,,,0.02,,,,,0.02,,,,,,,,,,
1043-18F3,CS(=O)(=O)N1CCC(Oc2ccc(CC(=O)N3CCC(N4C(=O)CCc5ccccc54)CC3)c(OCCF)c2)CC1,,,,,,,,,0.07,,0.06,,,,0.04,,,,,0.09,,,,,,,,,,,,,,,,,,,,,,,0.02,,0.02,,,,0.02,,,,,0.04,,,,,,,,,,
1047-1-18FFDFrc,OC1COC(O)(CF)C(O)C1O,,,0.98,0.83,,0.74,,,,,0.61,,,,0.27,,,,,,,,,,,,,,,,,,,,,,0.04,0.05,,0.05,,,,,0.06,,,,0.07,,,,,,,,,,,,,,,
1048-1-18F4,CC(=O)[C@@H](c1ccc(O)cc1)[C@H](CCF)c1ccc(O)cc1,,,,,,,,,,,,,,,0.137,,,,,,,,0.144,,,,,,,,,,,,,,,,,,,,,,,,,,,,,,,,,,,,,,,,,
1048-1-18F5,CC[C@H](c1ccc(O)cc1)[C@@H](C(=O)CF)c1ccc(O)cc1,,,,,,,,,,,,,,,0.223,,,,,,,,0.166,,,,,,,,,,,,,,,,,,,,,,,,,,,,,,,,,,,,,,,,,
1050-18F1,CC12CCC3c4ccc(O)cc4CCC3C1C[C@@H](F)[C@@H]2O,,,,,,,,,,,0.16,,,,0.14,,,,,0.1,,,,,,,,,,,,,,,,,,,,,,,,,,,,,,,,,,,,,,,,,,,,
1050-18F2,CC12CCC3c4ccc(O)cc4CCC3C1C[C@H](F)[C@@H]2O,,,,,,,,,,,0.76,,,,0.26,,,,,0.15,,,,,,,,,,,,,,,,,,,,,,,,,,,,,,,,,,,,,,,,,,,,
1050-18F3,CCC(c1ccc(O)cc1)C(CF)c1ccc(O)cc1,,,,,,,,,,,0.64,,,,0.38,,,,,0.18,,,,,,,,,,,,,,,,,,,,,,,,,,,,,,,,,,,,,,,,,,,,
1050-18F4,CCC(c1ccc(O)cc1)C(CCF)c1ccc(O)cc1,,,,,,,,,,,0.48,,,,0.4,,,,,0.11,,,,,,,,,,,,,,,,,,,,,,,,,,,,,,,,,,,,,,,,,,,,
1054-18F-1,C[C@]12C[C@H](F)C3C(CC[C@H]4CC(=O)CC[C@]34C)C1CC[C@@H]2O,,,,,,,,,,,,,,,0.092,,,,,0.038,,,,,0.028,,,,,,,,,,,,,,,,,,,,,,,,,,,,,,,,,,,,,,,
1054-18F-2,C[C@]12C[C@H](F)C3C(CC[C@H]4CC(=O)CC[C@]34C)C1CC[C@@H]2O,,,,,,,,,,,,,,,0.089,,,,,0.046,,,,,0.035,,,,,,,,,,,,,,,,,,,,,,,,,,,,,,,,,,,,,,,
1059-18F7,O=C(O)CCCCCCCCCCCCCCc1ccc(OCCF)cc1,,,,0.76,,,,,,,0.75,,,,0.56,,,,,0.26,,,,,,,,,,,,,,,,,,0.11,,,,,,,0.13,,,,0.1,,,,,0.06,,,,,,,,,,
1060-18F-F-,O=C(O)CS(=O)CCCCCCCCCC(F)C(=O)O,,9.21,,3.62,,,,,,0.93,,,,,0.18,,,,,0.12,,,,,,,,,,,,,,,,,,,,,,,,,,,,,,,,,,,,,,,,,,,,
1060-18F-F,O=C(O)CS(=O)CCCCCCCCCC(F)C(=O)O,,9.21,,3.62,,,,,,0.93,,,,,0.18,,,,,0.12,,,,,,,,,,,,,,,,,,,,,,,,,,,,,,,,,,,,,,,,,,,,
1060-4FDA,CCCCCCC(F)CCC(=O)O,,,,,,,,,7.53,,,,,,3.97,,,,,,,,,,,,,,,,,,,,,,,,,,,,,,,,,,,,,,,,,,,,,,,,,
1060-F3THA,CCCC(F)CCCCCCCCCSCC(=O)O,,4.97,,,,1.83,,,,,2.17,,,,2.17,,,,,0.93,,,,,,,,,,,,,,,,,,,,,,,,,,,,,,,,,,,,,,,,,,,,
1060-FDMTTA,CC(C)(CF)CCCCCCCCCSCC(=O)O,,4.93,,,,2.43,,,,,2.0,,,,1.33,,,,,1.13,,,,,,,,,,,,,,,,,,,,,,,,,,,,,,,,,,,,,,,,,,,,
1060-FTPA,CC(C)(CCF)CCCCCCCCCSCC(=O)O,,3.87,,3.4,,2.56,,,,,1.5,,,,0.38,,,,,0.23,,,,,,,,,,,,,,,,,,,,,,,,,,,,,,,,,,,,,,,,,,,,
1065A-11C-Octanoate,CCCCCCCC(=O)O,,,0.93,0.48,,,,,0.31,,0.23,,,,0.2,,,,,,,,,,,,,,,,,,,,,,,,,,,,,,,,,,,,,,,,,,,,,,,,,
1065A-11C-Palmitate,CCCCCCCCCCCCCCCCC(=O)O,,,0.44,0.13,,,,,0.33,,0.6,,,,0.19,,,,,,,,,,,,,,,,,,,,,,,,,,,,,,,,,,,,,,,,,,,,,,,,,
1065A-16-18F-Fluoropalmitate,O=C(O)CCCCCCCCCCCCCCCCF,,,0.26,0.14,,,,,0.39,,,,,,0.27,,,,,,,,,,,,,,,,,,,,,,,,,,,,,,,,,,,,,,,,,,,,,,,,,
"1065A-6,6,16-16-18F-Trifluoropa",O=C(O)CCCCC(F)(F)CCCCCCCCCCF,,,0.38,0.24,,,,,0.3,,,,,,0.37,,,,,,,,,,,,,,,,,,,,,,,,,,,,,,,,,,,,,,,,,,,,,,,,,
"1065A-6,6,16-16-18F-Trifluoropalmita",C=C(C)CCCCC(F)(F)CCCCCCCCCCF,,,0.38,0.24,,,,,0.3,,,,,,0.37,,,,,,,,,,,,,,,,,,,,,,,,,,,,,,,,,,,,,,,,,,,,,,,,,
"1065A-7,7,16-16-18F-Trifluoropa",O=C(O)CCCCCC(F)(F)CCCCCCCCCF,,,0.89,0.54,,,,,0.6,,,,,,0.44,,,,,,,,,,,,,,,,,,,,,,,,,,,,,,,,,,,,,,,,,,,,,,,,,
"1065A-7,7,16-16-18F-Trifluoropalmita",O=C(O)CCCCCC(F)(F)CCCCCCCCCF,,,0.89,0.54,,,,,0.6,,,,,,0.44,,,,,,,,,,,,,,,,,,,,,,,,,,,,,,,,,,,,,,,,,,,,,,,,,
1065A-l-11C-Octanoate,CCCCCCCCC(=O)O,,,0.93,0.48,,,,,0.31,,0.23,,,,0.2,,,,,,,,,,,,,,,,,,,,,,,,,,,,,,,,,,,,,,,,,,,,,,,,,
1065C-3-MFHA,CC(CCCCCCCCCCCCCCCF)CC(=O)O,,1.19,,0.49,,0.37,,,,,0.37,,,,0.33,,,,,,,,,,,,,,,,,,,,,0.14,,0.12,,0.1,,,,,0.14,,,,0.18,,,,,,,,,,,,,,,
1065C-5-MFHA,CC(CCCCCCCCCCCCCF)CCCC(=O)O,,0.99,,0.41,,0.32,,,,,0.45,,,,0.35,,,,,,,,,,,,,,,,,,,,,0.1,,0.13,,0.12,,,,,0.16,,,,0.15,,,,,,,,,,,,,,,
1065C-FPA,O=C(O)CCCCCCCCCCCCCCCCF,,0.74,,0.36,,0.32,,,,,0.37,,,,0.31,,,,,,,,,,,,,,,,,,,,,0.14,,0.12,,0.14,,,,,0.22,,,,0.22,,,,,,,,,,,,,,,
1066A-18Fendo-10a,C[C@]12CCC3C(CCC4=CC(=O)CC[C@@H]43)C1C[C@H]1OC(c3ccoc3)O[C@]12C(=O)CF,,,,,,,,,,,,,,,0.38,,,,,,,,0.19,,,,,,,,,,,,,,,,,,,,,,,,,,0.57,,,,,,,,0.18,,,,,,,
1066A-18Fendo-10b,CC1(c2ccoc2)O[C@@H]2CC3C4CCC5=CC(=O)CC[C@@H]5C4CC[C@]3(C)[C@]2(C(=O)CF)O1,,,,,,,,,,,,,,,0.32,,,,,,,,0.14,,,,,,,,,,,,,,,,,,,,,,,,,,0.58,,,,,,,,0.19,,,,,,,
1066A-4,CC[C@@H]1CC2C3CCC4=CC(=O)CC[C@@H]4C3CC[C@]2(C)C1C(=O)CF,,,,,,,,,,,,,,,0.25,,,,,,,,,,,,,,,,,,,,,,,,,,,,,,,,,,0.63,,,,,,,,,,,,,,,
1066A-5,CC(=O)[C@@]12OC(C)(c3cccc(F)c3)O[C@@H]1CC1C3CCC4=CC(=O)CC[C@]4(C)C3CC[C@@]12C,,,,,,,,,,,,,,,0.47,,,,,,,,,,,,,,,,,,,,,,,,,,,,,,,,,,0.56,,,,,,,,,,,,,,,
1066A-6,CC1(c2cccc(F)c2)O[C@@H]2CC3C4CCC5=CC(=O)CC[C@@H]5C4CC[C@]3(C)[C@]2(C(=O)CO)O1,,,,,,,,,,,,,,,0.26,,,,,,,,,,,,,,,,,,,,,,,,,,,,,,,,,,0.34,,,,,,,,,,,,,,,
1067A-18F-FENP,CC[C@@H]1CC2C3CCC4=CC(=O)CC[C@@H]4C3CC[C@]2(C)C1C(=O)CF,,,,,,,,,,,,,,,0.25,,,,,,,,,,,,,,,,,,,,,,,,,,,,,,,,,,0.63,,,,,,,,,,,,,,,
1067A-18F4,CC(=O)[C@@]12O[C@](C)(c3ccc(F)cc3)O[C@@H]1CC1C3CCC4=CC(=O)CC[C@]4(C)C3CC[C@@]12C,,,,,,,,,,,,,,,0.47,,,,,,,,0.28,,,,,,,,,,,,,,,,,,,,,,,,,,0.56,,,,,,,,0.2,,,,,,,
1067A-18F5,C[C@]12CCC3C(CCC4=CC(=O)CC[C@@]43C)C1C[C@H]1O[C@@](C)(c3ccc(F)cc3)O[C@]12C(=O)CO,,,,,,,,,,,,,,,0.26,,,,,,,,0.1,,,,,,,,,,,,,,,,,,,,,,,,,,0.34,,,,,,,,0.06,,,,,,,
1067A-18FFENP,CO[C@@H]1CC2C3CCC4=CC(=O)CC[C@@H]4C3CC[C@]2(C)C1C(=O)CF,,,,,,,,,,,,,,,0.25,,,,,,,,,,,,,,,,,,,,,,,,,,,,,,,,,,0.63,,,,,,,,,,,,,,,
1067B-18F1,C[C@]12C[C@H](F)C3C(CC[C@H]4CC(=O)CC[C@]34C)C1CC[C@@H]2O,,,,,,,,,,,,,,,0.092,,,,,0.038,,,,,0.028,,,,,,,,,,,,,,,,,,,,,,,,,,,,,,,,,,,,,,,
1067B-18F2,C[C@]12C[C@H](F)C3C(CC[C@H]4CC(=O)CC[C@H]34)C1CC[C@@H]2O,,,,,,,,,,,,,,,0.089,,,,,0.046,,,,,0.035,,,,,,,,,,,,,,,,,,,,,,,,,,,,,,,,,,,,,,,
1069A-16β-F-DHT;18F-2,C[C@]12C[C@H](F)C3C(CC[C@H]4CC(=O)CC[C@H]34)C1CC[C@@H]2O,,,,,,,,,,,,,,,0.083,,,,,0.055,,,,,0.022,,,,,,,,,,,,,,,,,,,,,,,,,,,,,,,,,,,,,,,
1069A-16β-F-Mib;18F-6,C[C@]12C[C@H](F)C3C(CC[C@H]4CC(=O)CC[C@H]34)C1CC[C@@H]2O,,,,,,,,,,,,,,,0.158,,,,,0.082,,,,,0.061,,,,,,,,,,,,,,,,,,,,,,,,,,,,,,,,,,,,,,,
1069A-16β-F-MNT;18F-7,C[C@]12C[C@H](F)C3C(CC[C@H]4CC(=O)CC[C@H]34)C1CC[C@@H]2O,,,,,,,,,,,,,,,0.124,,,,,0.058,,,,,0.034,,,,,,,,,,,,,,,,,,,,,,,,,,,,,,,,,,,,,,,
1069A-16β-F-MNT;18F-9,C[C@]12C[C@H](F)C3C(CC[C@H]4CC(=O)CC[C@H]34)C1CC[C@@H]2O,,,,,,,,,,,,,,,0.149,,,,,0.115,,,,,0.024,,,,,,,,,,,,,,,,,,,,,,,,,,,,,,,,,,,,,,,
1069A-16β-F-T;18F-4,C[C@]12C[C@H](F)C3C(CC[C@H]4CC(=O)CC[C@H]34)C1CC[C@@H]2O,,,,,,,,,,,,,,,0.137,,,,,0.055,,,,,0.02,,,,,,,,,,,,,,,,,,,,,,,,,,,,,,,,,,,,,,,
1069A-18F-11,O=C1C=C2CCC3C(=C2CC1)C=CC1C3CC[C@@]1(O)CF,,,,,,,,,,,,,,,0.234,,,,,0.116,,,,,0.091,,,,,,,,,,,,,,,,,,,,,,,,,,,,,,,,,,,,,,,
1069A-18F-2,C[C@]12CCC(=O)CC1CCC1C2CC[C@@]2(C)C1C[C@H](F)[C@@H]2O,,,,,,,,,,,,,,,0.083,,,,,0.055,,,,,0.022,,,,,,,,,,,,,,,,,,,,,,,,,,,,,,,,,,,,,,,
1069A-18F-4,C[C@]12CCC3C(CCC4=CC(=O)CC[C@@]43C)C1C[C@H](F)[C@@H]2O,,,,,,,,,,,,,,,0.137,,,,,0.055,,,,,0.02,,,,,,,,,,,,,,,,,,,,,,,,,,,,,,,,,,,,,,,
1069A-18F-6,C[C@@H]1CC2=CC(O)CC[C@@H]2C2CC[C@@]3(C)C(CC(F)[C@]3(C)O)C21,,,,,,,,,,,,,,,0.158,,,,,0.082,,,,,0.061,,,,,,,,,,,,,,,,,,,,,,,,,,,,,,,,,,,,,,,
1069A-18F-7,C[C@@H]1CC2=CC(O)CC[C@@H]2C2CC[C@@]3(C)C(CC(F)[C@@]3(O)F)C21,,,,,,,,,,,,,,,0.124,,,,,0.058,,,,,0.034,,,,,,,,,,,,,,,,,,,,,,,,,,,,,,,,,,,,,,,
1069A-18F-9,C[C@H]1CC2=CC(O)CC[C@@H]2C2CC[C@@]3(C)C(CC(F)[C@@]3(O)F)C21,,,,,,,,,,,,,,,0.149,,,,,0.115,,,,,0.024,,,,,,,,,,,,,,,,,,,,,,,,,,,,,,,,,,,,,,,
1069A-20-F-R1881;18F-11,O=C1C=C2CCC3C(=C2CC1)C=CC1C3CC[C@@]1(O)CF,,,,,,,,,,,,,,,0.234,,,,,0.116,,,,,0.091,,,,,,,,,,,,,,,,,,,,,,,,,,,,,,,,,,,,,,,
1073-18F1,O=C(O)CCCCSCCCCCCCCCCCn1cc(CCF)nn1,,2.17,,0.62,,0.66,,,,,0.66,,,,0.73,,,,,,,,,,,,,,,,,,,,,,,,,,,,,,,,,,,,,,,,,,,,,,,,,
1075-16-18F2,O=C(O)CCSCCCCCCCCCCCCCF,,,,,,,,,,,0.07,,,,,,,,,0.0105,,,,,,,,,,,,,,,,,,,,,,,,,0.067,,,,,,,,,0.0154,,,,,,,,,,
1075-18-18F3,CCCCCCCCCC/C=C/CCCCSCCC(=O)O,,,,,,,,,,,0.0441,,,,,,,,,0.0185,,,,,,,,,,,,,,,,,,,,,,,,,0.0206,,,,,,,,,0.0215,,,,,,,,,,
1075-18-18F4,O=C(O)CCSCCCCC#CCCCCCCCCCF,,,,,,,,,,,0.0392,,,,,,,,,0.0098,,,,,,,,,,,,,,,,,,,,,,,,,0.02,,,,,,,,,0.0143,,,,,,,,,,
1075-18-18F5,O=C(O)CCCCCCCCCCCCCCCCCCF,,,,,,,,,,,0.029,,,,,,,,,0.0241,,,,,,,,,,,,,,,,,,,,,,,,,0.033,,,,,,,,,0.022,,,,,,,,,,
1075-18F-2,O=C(O)CCSCCCCCCCCCCCCF,,,,,,,,,,,0.07,,,,,,,,,0.0105,,,,,,,,,,,,,,,,,,,,,,,,,0.067,,,,,,,,,0.0154,,,,,,,,,,
1075-18F-3,O=C(O)CCSCCCC/C=C\CCCCCCCCF,,,,,,,,,,,0.0441,,,,,,,,,0.0185,,,,,,,,,,,,,,,,,,,,,,,,,0.0206,,,,,,,,,0.0215,,,,,,,,,,
1075-18F-4,O=C(O)CCSCCCCCCCCCCCCCCF,,,,,,,,,,,0.0392,,,,,,,,,0.0098,,,,,,,,,,,,,,,,,,,,,,,,,0.02,,,,,,,,,0.0143,,,,,,,,,,
1075-18F-5,O=C(O)CCCCSCCCCCCCCCCCCF,,,,,,,,,,,0.029,,,,,,,,,0.0241,,,,,,,,,,,,,,,,,,,,,,,,,0.033,,,,,,,,,0.022,,,,,,,,,,
1076-18F-FBHGal,O=C(NCCCCCCO[C@@H]1OC(CO)[C@H](O)C(O)[C@@H]1O)c1ccc(F)cc1,,,,3.82,,,,,,,1.6,,,,,,,,,,,,,,,,,,,,,,,,,,,,,,,,,,,,,,,,,,,,,,,,,,,,,
1078-18F-2'-FCH2-MPTP,CN1CC=C(c2ccccc2CF)CC1,,,,0.67,,,,,0.66,,0.4,,,,0.31,,,0.25,,,,,,,,,,,,,,,,,,,,1.48,,,,,0.82,,0.68,,,,0.65,,,0.76,,,,,,,,,,,,
1080-18F-AV-45(1)a,CNc1ccc(/C=C/c2ccc(OCCOCCOCCF)nc2)cc1,,,3.14,,,,,,,,2.8,,,,,,,,,,,,,,,,,,,,,,,,,,7.77,,,,,,,,1.59,,,,,,,,,,,,,,,,,,,
1080-18F-AV-45,CNc1ccc(/C=C/c2ccc(OCCOCCOCCF)nc2)cc1,,,3.14,,,,,,,,2.8,,,,,,,,,,,,,,,,,,,,,,,,,,7.77,,,,,,,,1.59,,,,,,,,,,,,,,,,,,,
1080-18F23,CNc1ccc(/C=C/c2ccc(OCCOCCOCCNC(=O)CO/N=C/c3ccc(OCCOCCOCCF)cc3)nc2)cc1,,,9.34,,,,,,,,4.94,,,,,,,,,,,,,,,,,,,,,,,,,,1.69,,,,,,,,0.96,,,,,,,,,,,,,,,,,,,
1080-18F24,CNc1ccc(/C=C/c2ccc(OCCOCCOCCOCCOCCOCCNC(=O)CO/N=C/c3ccc(OCCOCCOCCF)cc3)nc2)cc1,,,4.19,,,,,,,,2.81,,,,,,,,,,,,,,,,,,,,,,,,,,0.48,,,,,,,,0.92,,,,,,,,,,,,,,,,,,,
1085-18F5,CNc1ccc(/C=C/c2ccc(OCCOCCOCCF)nc2)cc1,,,3.14,,,,,,,,2.8,,,,,,,,,,,,,,,,,,,,,,,,,,7.77,,,,,,,,1.59,,,,,,,,,,,,,,,,,,,
1085-18F8a,CCNc1ccc(/C=C/c2ccc(OCCOCCOCCOCCOCC(COCCCOCCOCCOCCOc3ccc(/C=C/c4ccc(NC)cc4)cn3)OCCF)nc2)cc1,,,4.77,,,,,,,,1.54,,,,,,,,,,,,,,,,,,,,,,,,,,0.4,,,,,,,,0.4,,,,,,,,,,,,,,,,,,,
1085-18F8b,CCNc1ccc(/C=C/c2ccc(OCCOCCOCCOCCOCCOCC(COCCOCCOCCOCCOCCOc3ccc(/C=C/c4ccc(NC)cc4)cn3)OCCF)nc2)cc1,,,2.55,,,,,,,,1.32,,,,,,,,,,,,,,,,,,,,,,,,,,0.4,,,,,,,,0.34,,,,,,,,,,,,,,,,,,,
1085-18F8c,CCNc1ccc(/C=C/c2ccc(OCCOCCOCCOCCOCCOCCOCC(COCCOCCOCCOCCOCCOCCOc3ccc(/C=C/c4ccc(NC)cc4)cn3)OCCF)nc2)cc1,,,3.12,,,,,,,,1.4,,,,,,,,,,,,,,,,,,,,,,,,,,0.29,,,,,,,,0.38,,,,,,,,,,,,,,,,,,,
1090-125I3,O=C(O)CC[C@@H](NC(=O)N[C@H](CCCCNC(=O)c1ccc(I)cc1)C(=O)O)C(=O)O,,,,,,,,,,,0.9,,,,0.6,,,,,0.3,,,,,,0.4,,,,,,0.1,ND,,,,,,,,,,,,,,,,,,,,,,,,,,,,,,,
1090-125I8,O=C(O)CC[C@@H](NC(=O)N[C@H](CCCCNC(=O)c1cncc(I)c1)C(=O)O)C(=O)O,,,,,,,,,,,2.5,,,,1.1,,,,,,,,,,0.25,,,,,0.06,,,0,,,,,,,,,,,,,,,,,,,,,,,,,,,,,,,
1090-18F6,O=C(O)CC[C@@H](NC(=O)N[C@H](CCCCNC(=O)c1ccc(F)cc1)C(=O)O)C(=O)O,,,,,,,,,,,2.5,,,,0.7,,,,,0.4,,,,,,0.03,,,,,,,,,,,,,,,,,,,,,,,,,,,,,,,,,,,,,,
1094-R18F4,N[C@H](Cc1cn(CCF)nn1)C(=O)O,,,,0.9,,,,,,,0.28,,,,0.14,,,,,,,,,,,,,,,,,,,,,,,0.09,,,,,,,0.04,,,,0.02,,,,,,,,,,,,,,,
1094-S18F4,N[C@H](Cc1cn(CCF)nn1)C(=O)O,,,,0.98,,,,,,,0.47,,,,0.23,,,,,,,,,,,,,,,,,,,,,,,0.08,,,,,,,0.06,,,,0.05,,,,,,,,,,,,,,,
1096-218F,CC(=O)OC[C@@]1(C)O[C@](C)(F)[C@](C)(F)[C@@](C)(OC(C)=O)[C@]1(C)OC(C)=O,,9.9,,,,,,,2.9,,1.8,,,,1.4,,,,,0.7,,,,,,,,,,,,,,,,1.6,,,,,,,2.1,,1.7,,,,1.9,,,,,1.5,,,,,,,,,,
1099A-18F6,Nc1nc(F)nc2c1ncn2[C@@H]1O[C@H](CO)[C@@H](O)[C@H]1O,,,,,,,,,,,,,,,0.47,,,,,,,,,,,,,,,,,,,,,,,,,,,,,,,,,,0.06,,,,,,,,,,,,,,,
1101-22,CC(C)(C)n1ncc(OCc2ccc(CCCCF)cc2)c(Cl)c1=O,,,,,,,,,,,0.11,,,,,,,,,0.04,,,,,,,,,,,,,,,,,,,,,,,,,,,,,,,,,,,,,,,,,,,,
1101-23,CC(C)(C)n1ncc(OCc2ccc(OCCCF)cc2)c(Cl)c1=O,,,,,,,,,,,0.08,,,,,,,,,0.1,,,,,,,,,,,,,,,,,,,,,,,,,,,,,,,,,,,,,,,,,,,,
1101-24,CC(F)CCc1ccc(COc2cnn(C(C)(C)C)c(=O)c2Cl)cc1,,,,,,,,,,,0.11,,,,,,,,,0.19,,,,,,,,,,,,,,,,,,,,,,,,,,,,,,,,,,,,,,,,,,,,
1101-25,CCC(CF)Oc1ccc(COc2cnn(C(C)(C)C)c(=O)c2Cl)cc1,,,,,,,,,,,0.09,,,,,,,,,0.04,,,,,,,,,,,,,,,,,,,,,,,,,,,,,,,,,,,,,,,,,,,,
1101-26,CC(F)COc1ccc(COc2cnn(C(C)(C)C)c(=O)c2Cl)cc1,,,,,,,,,,,0.18,,,,,,,,,0.06,,,,,,,,,,,,,,,,,,,,,,,,,,,,,,,,,,,,,,,,,,,,
1101-27,CC(C)(C)n1ncc(OCc2ccc(COCCF)cc2)c(Cl)c1=O,,,,,,,,,,,1.15,,,,,,,,,3.41,,,,,,,,,,,,,,,,,,,,,,,,,,,,,,,,,,,,,,,,,,,,
1101-28,CC(C)(C)n1ncc(OCc2ccc(COCCF)cc2)c(Cl)c1=O,,,,,,,,,,,0.15,,,,,,,,,0.07,,,,,,,,,,,,,,,,,,,,,,,,,,,,,,,,,,,,,,,,,,,,
1111A-18F4b,NC1(C(=O)O)CCCC1F,,,,,,,,,0.48,,0.29,,,,0.21,,,,,0.14,,,,,,,,,,,,,,,,,,,,,,,0.12,,0.13,,,,0.1,,,,,0.1,,,,,,,,,,
1112A-2-18F-FBP,O=C(NC1CCN(Cc2ccccc2)CC1)c1cccc(F)c1,,,,,,,,,,,,,,,0.54,,,,,0.35,,,,,,,,,,,,,,,,,,,,,,,,,,,,,1.18,,,,,1.73,,,,,,,,,,
1112B-2-18F3a,O=C(NC1CCN(Cc2ccccc2)CC1)c1ccccc1F,,,,0.85,,,,,,,0.33,,,,0.22,,,,,0.16,,,,,,,,,,,,,,,,,,7.28,,,,,,,5.47,,,,4.47,,,,,3.87,,,,,,,,,,
1117-123i8,CCN(CC)CCNC(=O)c1cncc(I)c1,,,,,,,,,,,,,,,,,,,,,,,,,,,,,,,,,,,,,,,,,,,,,,,,,,,,,,,,,,,,,,,,
1117-18F4,CCCCN(C)CCCCNC(=O)c1ccc(F)nc1,,,,,,,,,,,,,,,,,,,,,,,,,,,,,,,,,,,,,,,,,,,,,,,,,,,,,,,,,,,,,,,,
1117-18F6,CCN(CC)CCNC(=O)c1cccnc1F,,,,,,,,,,,,,,,,,,,,,,,,,,,,,,,,,,,,,,,,,,,,,,,,,,,,,,,,,,,,,,,,
1119-2-18F,OCCF,,,11.7,,,7.15,,,,,7.25,,,,6.84,,,,,,,,,,,,,,,,,,,,,,10.3,,,6.2,,,,,6.34,,,,7.33,,,,,,,,,,,,,,,
1119-3-18F,OCCCF,,,15.9,,,7.72,,,,,2.81,,,,1.69,,,,,,,,,,,,,,,,,,,,,,9.81,,,2.43,,,,,1.26,,,,2.56,,,,,,,,,,,,,,,
1122-CA2-18F,NCCC(F)CN,,,,,,,,,,,,,,,0.1,,,,,,,,0.07,,,,,,,,,,,,,,,,,,,,,,,,,,,,,,,,,,,,,,,,,
1126-18F5a,CNc1ccc(-c2nc3ccc(OCCOCCF)cc3s2)cc1,,,3.37,,,,,,,,3.6,,,,4.55,,,,,4.38,,,,,,,,,,,,,,,,,10.27,,,,,,,,4.59,,,,3.94,,,,,3.86,,,,,,,,,,
1126-18F5b,CNc1ccc(-c2nc3ccc(OCCOCCOCCF)cc3s2)cc1,,,6.29,,,,,,,,3.41,,,,3.91,,,,,4.04,,,,,,,,,,,,,,,,,5.53,,,,,,,,2.33,,,,2.18,,,,,1.96,,,,,,,,,,
1126-18F5c,CNc1ccc(-c2nc3ccc(OCCOCCOCCOCCOCCOCCF)cc3s2)cc1,,,3.54,,,,,,,,2.52,,,,2.46,,,,,1.54,,,,,,,,,,,,,,,,,2.57,,,,,,,,1.69,,,,1.8,,,,,1.29,,,,,,,,,,
1132-18F1,CN(CCF)c1ccc(/C=C/c2nc3ccccc3o2)cc1,,,,0.49,,,,,,,,,,,0.56,,,,,,,,,,,,,,,,,,,,,,,0.6,,,,,,,,,,,0.44,,,,,,,,,,,,,,,
1134-20-18F,C[C@@H]1CC2=CC(=O)CCC2C2CC[C@@]3(C)C(CC[C@@]3(O)CF)C21,,,,,,,,,,,0.234,,,,0.159,,,,,0.091,,,,,0.05,,,,,,,,,,,,,,,,,,,,,,,,,,,,,,,,,,,,,,,
1135-18F11,O=C1C=C2CCC3C(=C2CC1)C=CC1C3CC[C@@]1(O)CF,,,,,,,,,,,,,,,0.234,,,,,0.166,,,,,0.091,,,,,,,,,,,,,,,,,,,,,,,,,,,,,,,,,,,,,,,
1135-18F2,C[C@]12CCC(=O)CC1CCC1C2CC[C@@]2(C)C1C[C@H](F)[C@@H]2O,,,,,,,,,,,,,,,0.083,,,,,0.055,,,,,0.022,,,,,,,,,,,,,,,,,,,,,,,,,,,,,,,,,,,,,,,
1135-18F4,C[C@]12CCC3C(CCC4=CC(=O)CC[C@@]43C)C1C[C@H](F)[C@@H]2O,,,,,,,,,,,,,,,0.137,,,,,0.055,,,,,0.02,,,,,,,,,,,,,,,,,,,,,,,,,,,,,,,,,,,,,,,
1135-18F6,C[C@@H]1CC2=CC(=O)CC[C@@H]2C2CC[C@@]3(C)C(C[C@H](F)[C@]3(C)O)C21,,,,,,,,,,,,,,,0.158,,,,,0.082,,,,,0.061,,,,,,,,,,,,,,,,,,,,,,,,,,,,,,,,,,,,,,,
1135-18F7,C[C@@H]1CC2=CC(=O)CC[C@@H]2C2CC[C@@]3(C)C(C[C@H](F)[C@@H]3O)C21,,,,,,,,,,,,,,,0.124,,,,,0.058,,,,,0.034,,,,,,,,,,,,,,,,,,,,,,,,,,,,,,,,,,,,,,,
1135-18F9,C[C@@H]1CC2=CC(=O)CC[C@@H]2C2CC[C@@]3(C)C(C[C@@H](F)[C@@H]3O)C21,,,,,,,,,,,,,,,0.149,,,,,0.115,,,,,0.024,,,,,,,,,,,,,,,,,,,,,,,,,,,,,,,,,,,,,,,
1137-18Fendo10a,C[C@]12CCC3C(CCC4=CC(=O)CC[C@@H]43)C1C[C@H]1OC(c3ccco3)O[C@]12C(=O)CF,,,,,,,,,,,,,,,0.38,,,,,,,,0.19,,,,,,,,,,,,,,,,,,,,,,,,,,0.57,,,,,,,,0.18,,,,,,,
1137-18Fendo10b,CC1(c2ccco2)O[C@@H]2CC3C4CCC5=CC(=O)CC[C@@H]5C4CC[C@]3(C)[C@]2(C(=O)CF)O1,,,,,,,,,,,,,,,0.32,,,,,,,,0.14,,,,,,,,,,,,,,,,,,,,,,,,,,0.58,,,,,,,,0.19,,,,,,,
1143-18F6,Nc1nc2ncc(CNc3ccc(C(=O)N[C@@H](CCC(=O)O)C(=O)O)c(F)n3)nc2c(=O)[nH]1,,,,,,,,,,,1.15,,,,0.55,,,0.55,,,,,,,,,,,,,,,,,,,,,,,,,,,,,,,,,,,,,,,,,,,,,,
1145A-11C3,COc1cccc(-c2cc3cn(C4CC(O)C(CO)O4)c(=O)nc3o2)c1,,,5.4,,,,,,,,,,,,0.2,,,,,,,,,,,,,,,,,,,,,,0.0,,,,,,,,,,,,0.0,,,,,,,,,,,,,,,
1145A-18F2,O=c1nc2oc(-c3cccc(OCCF)c3)cc2cn1C1CC(O)C(CO)O1,,,6.2,,,,,,,,,,,,0.4,,,,,,,,,,,,,,,,,,,,,,0.0,,,,,,,,,,,,0.0,,,,,,,,,,,,,,,
1146A-11C4,COc1ccc(-c2cc3cn(C4CC(O)C(CO)O4)c(=O)nc3o2)cc1,,,7.1,,,,,,,,,,,,0.6,,,,,,,,,,,,,,,,,,,,,,0.0,,,,,,,,,,,,0.0,,,,,,,,,,,,,,,
1146A-18F5,O=c1nc2oc(-c3ccc(OCCF)cc3)cc2cn1C1CC(O)C(CO)O1,,,4.8,,,,,,,,,,,,1.5,,,,,,,,,,,,,,,,,,,,,,0.0,,,,,,,,,,,,0.0,,,,,,,,,,,,,,,
1148-18F3e,CN(C)c1ccc(/C=C/c2ccc(OCC(CO)CF)cc2)cc1,,,1.79,,,,,,,,1.65,,,,1.51,,,,,1.18,,,,,,,,,,,,,,,,,5.55,,,,,,,,5.21,,,,2.97,,,,,1.37,,,,,,,,,,
1148-18F4e,CNc1ccc(/C=C/c2ccc(OCC(CO)CF)cc2)cc1,,,2.6,,,,,,,,2.47,,,,1.82,,,,,0.78,,,,,,,,,,,,,,,,,9.75,,,,,,,,1.7,,,,0.72,,,,,0.31,,,,,,,,,,
1153B-F18,O=C[C@H](O)[C@@H](F)[C@H](O)[C@H](O)CO,,6.43,,5.7,,,,,,,3.52,,,,2.14,,,,,1.75,,,,,,,,,,,,,,,,4.0,,3.54,,,,,,,2.14,,,,1.64,,,,,2.03,,,,,,,,,,
1158-3-18FFNNDI,O=C1[C@H]2C3C=CC(C3)[C@H]2C(=O)N1c1cc(F)c([N+](=O)[O-])c2ccccc12,,,,,,,,,,,,,,,0.093,,,,,0.023,,,,,,,,,,,,,,,,,,,,,,,,,,,,,,,,,,,,,,,,,,,,
1161-18F17,CCOC(=O)CCC(C)CCCCF,,,,,,0.87,,,,,0.44,,,,0.45,,,,,0.35,,,,,,,,,,,,,,,,,,,,0.28,,,,,0.24,,,,0.36,,,,,0.39,,,,,,,,,,
1161-18F18,COC(=O)CCC(C)(C)CCCCF,,,,0.53,,0.47,,,,,0.26,,,,,,,,,,,,,,,,,,,,,,,,,,,0.06,,0.04,,,,,0.03,,,,,,,,,,,,,,,,,,,
1161-18F19,CC(CCCCF)CCC(=O)O,,,,0.77,,,,,,,,,,,,,,,,,,,,,,,,,,,,,,,,,,0.15,,,,,,,,,,,,,,,,,,,,,,,,,,
1161-18F22,CCCCC(F)CCC(=O)O,,,,0.75,,,,,,,0.61,,,,0.47,,,,,,,,,,,,,,,,,,,,,,,0.12,,,,,,,0.16,,,,0.13,,,,,,,,,,,,,,,
1161-18F26,CCCCCC(F)CC(=O)O,,,,0.76,,,,,,,0.16,,,,,,,,,,,,,,,,,,,,,,,,,,,0.06,,,,,,,0.06,,,,,,,,,,,,,,,,,,,
1162-2-18FEtOH,OCCF,,,11.7,,,7.15,,,,,7.25,,,,6.84,,,,,,,,,,,,,,,,,,,,,,10.3,,,6.2,,,,,6.34,,,,7.33,,,,,,,,,,,,,,,
1162-3-18FPrOH,OCCCF,,,15.9,,,7.72,,,,,2.81,,,,1.69,,,,,,,,,,,,,,,,,,,,,,9.81,,,2.43,,,,,1.26,,,,2.56,,,,,,,,,,,,,,,
1164-1,C[C@H](c1ccccc1)n1cncc1C(=O)OCCF,,,,,,,,,,,,,,,0.86,,,,,0.78,,,,,,,,,,,,,,,,,,,,,,,,,,,,,0.72,,,,,0.68,,,,,,,,,,
1164-2,C[C@H](c1ccccc1)n1cncc1C(=O)OCCF,,,,,,,,,,,,,,,0.67,,,,,0.46,,,,,,,,,,,,,,,,,,,,,,,,,,,,,0.56,,,,,0.51,,,,,,,,,,
1164-3,C[C@H](c1ccc(Br)cc1)n1cncc1C(=O)OCCF,,,,,,,,,,,,,,,0.54,,,,,0.56,,,,,,,,,,,,,,,,,,,,,,,,,,,,,0.45,,,,,0.46,,,,,,,,,,
1164-4,C[C@H](c1ccc(Br)cc1)n1cncc1C(=O)OCCCF,,,,,,,,,,,,,,,0.24,,,,,0.08,,,,,,,,,,,,,,,,,,,,,,,,,,,,,0.12,,,,,0.05,,,,,,,,,,
1166-18F14,O=C1Nc2ccccc2/C1=C/c1ccc(F)cc1,,,,,,,,,,,,,,,,,,,,,,,,,,,,,,,,,,,,3.09,,1.87,,1.09,,,,,0.44,,,,0.2,,,,,,,,,,,,,,,
1172-18F1a,CN(CCF)c1ccc(-c2cc3ccccc3[nH]2)cc1,,,3.38,,,3.81,,,,,4.21,,,,4.37,,,,,,,,,,,,,,,,,,,,,,5.82,,,5.07,,,,,3.41,,,,2.77,,,,,,,,,,,,,,,
1176-11C4,COc1ccc(C(=O)NCCc2ccc(S(N)(=O)=O)cc2)cc1,,,90.5,,,,,,,,,,,,72.5,,,,,,,,,,,,,,,,,,,,,,0.2,,,,,,,,,,,,0.3,,,,,,,,,,,,,,,
1176-11C6,COc1ccc(S(N)(=O)=O)cc1,,,83.4,,,,,,,,,,,,49.7,,,,,,,,,,,,,,,,,,,,,,0.7,,,,,,,,,,,,1.5,,,,,,,,,,,,,,,
1176-18F3,NS(=O)(=O)c1ccc(CCNC(=O)c2ccc(OCCF)cc2)cc1,,,71.0,,,,,,,,,,,,31.7,,,,,,,,,,,,,,,,,,,,,,0.2,,,,,,,,,,,,0.2,,,,,,,,,,,,,,,
1176-18F5,NS(=O)(=O)c1ccc(OCCF)cc1,,,106.3,,,,,,,,,,,,71,,,,,,,,,,,,,,,,,,,,,,0.3,,,,,,,,,,,,1.0,,,,,,,,,,,,,,,
1181A-18F1,COc1cc2ncnc(Nc3ccc(F)cc3)c2cc1OC,,,,,,,,,,,1.89,,,,0.79,,,,,,,,,,,,,,,,,,,,,,,,,,,,,,0.21,,,,0.14,,,,,,,,,,,,,,,
1181A-18F4,COc1cc2ncnc(Nc3cc(Cl)c(Cl)cc3F)c2cc1OC,,,,3.44,,4.34,,,,,4.83,,,,,,,,,,,,,,,,,,,,,,,,,,,4.37,,4.05,,,,,2.02,,,,,,,,,,,,,,,,,,,
1182-18F2a,Oc1ccc2[nH]c(CN3CCC(Cc4ccc(F)cc4)CC3)nc2c1,,,,,,,,,,,,,,,,,,,,,,,,,,,,,,,,,,,,,,,,,,,,,,,,,,,,,,0.035,,,,,,,,,,
1182-18F6b,Fc1ccc(CC2CCNCC2)cc1,,,,,,,,,,,,,,,,,,,,,,,,,,,,,,,,,,,,,,,,,,,,,,,,,,,,0.395,,,,,,,,,,,,
1184-18F24a,CNc1ccc(-c2nc3cc(OCCOCCOCCF)ccc3o2)cc1,,,4.76,,,3.46,,,,,4.67,,,,4.87,,,,,,,,,,,,,,,,,,,,,,8.12,,,4.41,,,,,4.07,,,,3.04,,,,,,,,,,,,,,,
1184-18F32a,CN(C)c1ccc(-c2nc3cc(OCCOCCOCCF)ccc3o2)cc1,,,3.24,,,2.26,,,,,2.84,,,,3.33,,,,,,,,,,,,,,,,,,,,,,5.29,,,3.37,,,,,2.5,,,,2.12,,,,,,,,,,,,,,,
"1192B-18F-(2S,4R)4F-GLN",NC(=O)[C@H](F)C[C@H](N)C(=O)O,,,,,,,,,,,0.43,,,,0.32,,,,,,,,,,,,,,,,,,,,,,,,,,,,,,0.11,,,,0.13,,,,,,,,,,,,,,,
"1192B-18F-(2S,4R)4F-GLU",N[C@@H](C[C@@H](F)C(=O)O)C(=O)O,,,,,,,,,,,0.36,,,,0.17,,,,,,,,,,,,,,,,,,,,,,,,,,,,,,0.05,,,,0.05,,,,,,,,,,,,,,,
1198-5-HT1A,O=C(NCCN1CCN(c2cccc(CC(F)(F)F)n2)CC1)c1ccc(CF)cc1,,3.293,2.546,1.715,,1.515,,,,1.189,,0.599,,,0.538,,,,,0.363,,,0.333,,,,,,,,,,,,,6.766,5.468,3.944,,2.9,,,,1.533,,0.561,,,0.452,,,,,0.328,,,0.266,,,,,,,
1199-18F18E,CCOC(=O)CCC(C)(C)CCCCF,,,,,,0.87,,,,,0.44,,,,0.45,,,,,0.35,,,,,,,,,,,,,,,,,,,,0.28,,,,,0.24,,,,0.36,,,,,0.39,,,,,,,,,,
1199-18F18M,COC(=O)CCC(C)(C)CCCCF,,,,0.53,,0.47,,,,,0.26,,,,,,,,,,,,,,,,,,,,,,,,,,,0.06,,0.04,,,,,0.03,,,,,,,,,,,,,,,,,,,
1199-18F19,CC(CCCCF)CCC(=O)O,,,,0.77,,,,,,,,,,,,,,,,,,,,,,,,,,,,,,,,,,0.15,,,,,,,,,,,,,,,,,,,,,,,,,,
1199-18F22,CCCCC(F)CCC(=O)O,,,,0.75,,,,,,,0.61,,,,0.47,,,,,,,,,,,,,,,,,,,,,,,0.12,,,,,,,0.16,,,,0.13,,,,,,,,,,,,,,,
1199-18F26,CCCCCC(F)CC(=O)O,,,,0.76,,,,,,,0.16,,,,,,,,,,,,,,,,,,,,,,,,,,,0.06,,,,,,,0.06,,,,,,,,,,,,,,,,,,,
1200-11C-4a,CNC(C)Cc1ccccc1,,,,1.04,,,,,,,0.72,,,,0.38,,,,,,,,,,,,,,,,,,,,,,,5.94,,,,,,,3.68,,,,1.81,,,,,,,,,,,,,,,
1200-11C-4b,CNC(C)Cc1ccc2c(c1)OCO2,,,,1.02,,,,,,,1.07,,,,0.59,,,,,,,,,,,,,,,,,,,,,,,4.85,,,,,,,1.84,,,,0.39,,,,,,,,,,,,,,,
1200-18F-2a,CC(N)Cc1ccccc1F,,,,1.95,,,,,,,0.81,,,,0.48,,,,,,,,,,,,,,,,,,,,,,,5.7,,,,,,,2.28,,,,1.43,,,,,,,,,,,,,,,
1200-18F-2b,CC(N)Cc1cc2c(cc1F)OCO2,,,,5.048,,,,,,,1.33,,,,0.52,,,,,,,,,,,,,,,,,,,,,,,13.02,,,,,,,2.81,,,,1.23,,,,,,,,,,,,,,,
1201-131I-antipyrine,Cc1c(I)c(=O)n(-c2ccccc2)n1C,,,,,,,,,,,,,,,,,,,,,,,,,,,,,,,,,,0.8,0.7,0.6,0.5,,,0.2,,,,,,,,,,,,,,,,,,,,,,,,
1201-18F-antipyrine,Cc1cc(=O)n(-c2ccc(F)cc2)n1C,,,,,,,,,,,,,,,,,,,,,,,,,,,,,,,,,,0.9,1.0,0.8,0.7,,,0.5,,,,,,,,,,,,,,,,,,,,,,,,
1204A-cis-18F-FPro,O=C(O)[C@@H]1C[C@H](F)CN1,,,,6.38,,5.9,,,,,3.14,,,,3.24,,,,,2.83,,,,,2.86,,,,,,,,,,,,,0.31,,0.38,,,,,0.35,,,,0.33,,,,,0.28,,,,,0.23,,,,,
1204A-trans-18F-FPro,O=C(O)[C@@H]1C[C@@H](F)CN1,,,,7.13,,5.5,,,,,5.05,,,,4.62,,,,,3.65,,,,,3.2,,,,,,,,,,,,,0.49,,0.57,,,,,0.76,,,,0.88,,,,,0.78,,,,,0.54,,,,,
1208-18F-FTMA,C[N+](C)(C)c1ccc(-c2ccc(F)cc2)cc1,,,,0.6,,,,,,0.25,,,,,0.11,,,,,,,,,,,,,,,,,,,,,,,0.03,,,,,,0.02,,,,,0.01,,,,,,,,,,,,,,,
1211-18F,O=C(Nc1ccc(N2CCN(CCF)CC2)cc1)N[C@H]1C[C@H](C(=O)O)Nc2cc(Cl)cc(Cl)c21,,,,0.37,,,,,0.08,,0.07,,,,0.08,,,,,,,,,,,,,,,,,,,,,,,0.07,,,,,0.07,,0.09,,,,0.03,,,,,,,,,,,,,,,
1213-18F-L-FPTP,CC(=O)[C@@H](N)Cc1c[nH]c2ccc(OCCCF)cc12,,,,,,,,,3.59,,2.98,,,,2.22,,,,,1.84,,,,,,,,,,,,,,,,,,,,,,,0.98,,1.16,,,,0.91,,,,,0.73,,,,,,,,,,
1215-18F29,CNc1ccc(-c2nc3cc(OCCOCCOCCF)ccc3o2)cn1,,,5.07,,,3.04,,,,,3.16,,,,2.74,,,,,,,,,,,,,,,,,,,,,,4.05,,,2.05,,,,,2.06,,,,1.78,,,,,,,,,,,,,,,
1215-18F31,CN(C)c1ccc(-c2nc3cc(OCCOCCOCCF)ccc3o2)cn1,,,5.47,,,3.05,,,,,2.74,,,,2.87,,,,,,,,,,,,,,,,,,,,,,3.79,,,1.97,,,,,1.85,,,,1.82,,,,,,,,,,,,,,,
1215-18F32,CNc1ccc(-c2nc3cc(OCCF)ccc3o2)cn1,,,3.36,,,2.55,,,,,2.55,,,,3.2,,,,,,,,,,,,,,,,,,,,,,7.23,,,2.24,,,,,1.69,,,,1.55,,,,,,,,,,,,,,,
1215-18F33,CN(C)c1ccc(-c2nc3cc(OCCF)ccc3o2)cn1,,,3.57,,,2.05,,,,,1.89,,,,2.06,,,,,,,,,,,,,,,,,,,,,,7.27,,,3.41,,,,,1.76,,,,1.47,,,,,,,,,,,,,,,
1215-18F41,CNc1ccc(-c2nc3ccc(OCCOCCOCCF)cc3s2)cn1,,,6.92,,,4.25,,,,,3.49,,,,2.94,,,,,,,,,,,,,,,,,,,,,,2.23,,,1.63,,,,,1.31,,,,1.26,,,,,,,,,,,,,,,
1215-18F43,CN(C)c1ccc(-c2nc3ccc(OCCOCCOCCF)cc3s2)cn1,,,9.79,,,5.44,,,,,4.96,,,,3.79,,,,,,,,,,,,,,,,,,,,,,3.26,,,2.64,,,,,1.98,,,,1.84,,,,,,,,,,,,,,,
1215-18F44,CNc1ccc(-c2nc3ccc(OCCF)cc3s2)cn1,,,4.31,,,3.94,,,,,4.45,,,,4.45,,,,,,,,,,,,,,,,,,,,,,7.87,,,4.54,,,,,3.38,,,,2.83,,,,,,,,,,,,,,,
1221-18F-23,COc1cccc(C(=O)NC2CCN(Cc3ccc(F)cc3)CC2)c1OC,,,,0.155,,,,,,,0.066,,,,0.043,,,,,0.029,,,0.017,,0.01,0.012,,,,,,,,,,,,0.81,,,,,,,0.39,,,,0.36,,,,,0.33,,,0.25,,0.11,0.12,,,,
1221-18F-26b,COc1cccc(C(=O)NC2CC3CCCC(C2)N3Cc2ccc(F)cc2)c1OC,,,,0.156,,,,,,,0.089,,,,0.044,,,,,0.024,,,0.019,,0.013,0.005,,,,,,,,,,,,0.39,,,,,,,0.2,,,,0.23,,,,,0.27,,,0.23,,0.22,0.14,,,,
1221-18F-34,COc1cc(Br)cc(C(=O)NC2CCN(Cc3ccc(F)cc3)CC2)c1OC,,,,0.088,,,,,,,0.036,,,,0.025,,,,,0.016,,,0.013,,0.012,0.012,,,,,,,,,,,,0.58,,,,,,,0.32,,,,0.2,,,,,0.14,,,0.1,,0.12,0.12,,,,
1230C-18F-5-FU,O=c1[nH]cc(F)c(=O)[nH]1,,,,,,,,,,,1.79,,,,0.65,,,,,0.15,,,,,0.08,,,0.03,,,,,,,,,,,,,,,,,,,,,,,,,,,,,,,,,,,,
1230D-18F-FU,O=c1[nH]cc(F)c(=O)[nH]1,,,,,,,,,,,2.74,,,,1.23,,,,,0.34,,,,,0.1,,,0.05,,,,,,,,,,,,,,,,,,,,,,,,,,,,,,,,,,,,
1230D-18F-FUOH,O=C1NC(=O)C(F)C(O)N1,,,,,,,,,,,3.61,,,,2.15,,,,,1.33,,,,,0.58,,,0.34,,,,,,,,,,,,,,,,,,,,,,,,,,,,,,,,,,,,
1230D-cis-18F-FUOEt,CCO[C@H]1NC(=O)NC(=O)[C@H]1F,,,,,,,,,,,4.86,,,,3.11,,,,,1.48,,,,,0.51,,,0.11,,,,,,,,,,,,,,,,,,,,,,,,,,,,,,,,,,,,
1233-5-18F-ADAM,CN(C)Cc1ccccc1Sc1cc(F)ccc1N,,,1.555,,,,,,,,0.106,,,,0.077,,,,,0.043,,,,,,,,,,,,,,,,,1.768,,,,,,,,0.221,,,,0.09,,,,,0.016,,,,,,,,,,
1234-fluorocyclocytidin,N=c1ccn2c(n1)O[C@@H]1[C@@H](O)[C@H](CO)O[C@@H]12,,,,,,,,,,,,,,,,,,,,0.09,,,,,,,,,,,,,,,,,,,,,,,,,,,,,,,,,,0.06,,,,,,,,,,
1234-fluorocytosine.arabinoside,Nc1ccn([C@@H]2O[C@H](CO)[C@@H](O)[C@@H]2O)c(=O)n1,,,,,,,,,,,,,,,,,,,,0.31,,,,,0.08,,,,,,,,,,,,,,,,,,,,,,,,,,,,,0.3,,,,,0.13,,,,,
1236-18F-5-MFHA,CC(CCCCCCCCCCCCF)CCCC(=O)O,,0.99,,0.41,,0.32,,,,,0.45,,,,0.35,,,,,,,,,,,,,,,,,,,,,0.1,,0.13,,0.12,,,,,0.16,,,,0.15,,,,,,,,,,,,,,,
1236-3-MFHA,CC(CCCCCCCCCCCCCCF)CC(=O)O,,1.19,,0.49,,0.37,,,,,0.37,,,,0.33,,,,,,,,,,,,,,,,,,,,,0.14,,0.12,,0.1,,,,,0.14,,,,0.18,,,,,,,,,,,,,,,
1236-FPA,O=C(O)CCCCCCCCCCCCCCCF,,0.74,,0.36,,0.32,,,,,0.37,,,,0.31,,,,,,,,,,,,,,,,,,,,,0.14,,0.12,,0.14,,,,,0.22,,,,0.22,,,,,,,,,,,,,,,
1237-18F-3,O=C1NC(=O)N([C@H]2C[C@H](O)[C@@H](CO)O2)CC1C#Cc1ccc(-c2ccc(OCCF)cc2)cc1,,,24.8,,,,,,,,,,,,8.9,,,,,,,,,,,,,,,,,,,,,,1.1,,,,,,,,,,,,0.5,,,,,,,,,,,,,,,
1238-18F-1,CC(=O)[C@@H]1CCCC2C3C[C@@H](F)C4=CC(=O)CC[C@@]4(C)C3CC[C@]21C,,,,,,,,,,,,,,,0.447,,,,,,,,0.126,,,,,,,,,,,,,,,,,,,,,,,,,,0.335,,,,,,,,0.077,,,,,,,
1240-18F8a,CN(C)c1ccc(-c2cc(=O)c3cc(OCCF)ccc3o2)cc1,,,2.8,,,2.71,,,,,2.53,,,,3.25,,,,,,,,,,,,,,,,,,,,,,4.17,,,3.62,,,,,1.89,,,,2.19,,,,,,,,,,,,,,,
1240-18F8b,CN(C)c1ccc(-c2cc(=O)c3cc(OCCOCCF)ccc3o2)cc1,,,2.09,,,2.3,,,,,2.5,,,,2.94,,,,,,,,,,,,,,,,,,,,,,3.54,,,2.75,,,,,2.0,,,,2.13,,,,,,,,,,,,,,,
1240-18F8c,CN(C)c1ccc(-c2cc(=O)c3cc(OCCOCCOCCF)ccc3o2)cc1,,,2.35,,,1.5,,,,,1.4,,,,1.88,,,,,,,,,,,,,,,,,,,,,,2.89,,,2.23,,,,,1.31,,,,1.37,,,,,,,,,,,,,,,
1243-18F5,O=C(NCCF)c1c[nH]c2ccc(Cc3ccccc3)cc2c1=O,8.7,,4.2,,,2.8,,,,,1.5,,,,0.7,,,,,,,,,,,,,,,,,,,,0.1,,0.1,,,0.1,,,,,0.1,,,,0.0,,,,,,,,,,,,,,,
1247-618FFFuc,CC1(O)OC(C)(CF)C(C)(O)C(C)(O)C1(C)O,,2.32,,1.12,,0.87,,,,,0.52,,,,0.38,,,,,0.79,,,,,,,,,,,,,,,,0.1,,0.09,,0.09,,,,,0.08,,,,0.07,,,,,0.07,,,,,,,,,,
1255-618FFDF,OCC1(O)O[C@H](CF)[C@@H](O)C1O,,,,7.67,,,,,,,4.07,,,,,,,,,1.53,,,,,,,,,,,,,,,,,,1.67,,,,,,,1.97,,,,,,,,,1.22,,,,,,,,,,
1256-11C4a,CNC(C)Cc1ccccc1,,,,1.04,,,,,,,0.72,,,,0.38,,,,,,,,,,,,,,,,,,,,,,,5.94,,,,,,,3.68,,,,1.81,,,,,,,,,,,,,,,
1256-11C4b,CNC(C)Cc1ccc2c(c1)OCO2,,,,1.02,,,,,,,1.07,,,,0.59,,,,,,,,,,,,,,,,,,,,,,,4.85,,,,,,,1.84,,,,0.39,,,,,,,,,,,,,,,
1256-18F2a,CC(N)Cc1ccc(F)cc1,,,,1.95,,,,,,,0.81,,,,0.48,,,,,,,,,,,,,,,,,,,,,,,5.7,,,,,,,2.28,,,,1.43,,,,,,,,,,,,,,,
1256-18F2b,Cc1cc2c(cc1CC(C)N)OCO2,,,,5.048,,,,,,,1.33,,,,0.52,,,,,,,,,,,,,,,,,,,,,,,13.02,,,,,,,2.81,,,,1.23,,,,,,,,,,,,,,,
1257-18FI,Fc1ncnc2c1ncn2Cc1ccccc1,,,,2.93,,,,,,,1.22,,,,0.38,,,,,,,,,,,,,,,,,,,,,,,6.12,,,,,,,4.48,,,,3.96,,,,,,,,,,,,,,,
1261-18F8a,CN(C)c1ccc(-c2cc(=O)c3cc(OCCF)ccc3o2)cc1,,,2.8,,,2.71,,,,,2.53,,,,3.25,,,,,,,,,,,,,,,,,,,,,,4.17,,,3.62,,,,,1.89,,,,2.19,,,,,,,,,,,,,,,
1261-18F8b,CN(C)c1ccc(-c2cc(=O)c3cc(OCCOCCF)ccc3o2)cc1,,,2.09,,,2.3,,,,,2.5,,,,2.94,,,,,,,,,,,,,,,,,,,,,,3.54,,,2.75,,,,,2.0,,,,2.13,,,,,,,,,,,,,,,
1261-18F8c,CN(C)c1ccc(-c2cc(=O)c3cc(OCCOCCOCCF)ccc3o2)cc1,,,2.35,,,1.5,,,,,1.4,,,,1.88,,,,,,,,,,,,,,,,,,,,,,2.89,,,2.23,,,,,1.31,,,,1.37,,,,,,,,,,,,,,,
1262E-1R2R-3T,C[C@H](N)[C@H](O)c1ccc(F)c(O)c1,,,,,,,,,,,,,,,,,,,,,,,,,,,,,,,,,,,,,,,,,,,,,,,,,,,,,,,,,,,,,,,,
1262E-1R2S-3E,C[C@@H](N)[C@H](O)c1ccc(F)c(O)c1,,,,,,,,,,,,,,,,,,,,,,,,,,,,,,,,,,,,,,,,,,,,,,,,,,,,,,,,,,,,,,,,
1262E-1S2R-3E,C[C@@H](N)[C@@H](O)c1ccc(F)c(O)c1,,,,,,,,,,,,,,,,,,,,,,,,,,,,,,,,,,,,,,,,,,,,,,,,,,,,,,,,,,,,,,,,
1262E-1S2S-3T,C[C@H](N)[C@@H](O)c1ccc(F)c(O)c1,,,,,,,,,,,,,,,,,,,,,,,,,,,,,,,,,,,,,,,,,,,,,,,,,,,,,,,,,,,,,,,,
1266-6-18F-FPCV,NC1N=C(F)c2ncn(CCC(CO)CO)c2N1,,,,,,2.06,,,,,,,,,0.27,,,0.12,,,,,0.07,,,,,,,,,,,,,,,,,0.15,,,,,,,,,0.06,,,0.05,,,,,0.02,,,,,,,
1270-18F37aMe16bFEES,CC1=C2C(CC[C@@]3(C)C2C[C@H](F)[C@@H]3O)c2ccc(O)cc2C1,,,,,,,,,,,,,,,0.443,,,,,,,,0.076,,,,,,,,,,,,,,,,,,,,,,,,,,,,,,,,,,,,,,,,,
1270-18F47aMe16bFEES,C#C[C@]1(O)[C@@H](F)CC2C3=C(C)Cc4cc(O)ccc4C3CC[C@@]21C,,,,,,,,,,,,,,,0.07,,,,,,,,0.039,,,,,,,,,,,,,,,,,,,,,,,,,,,,,,,,,,,,,,,,,
1270-18F57aMe16bFEES,CC1=C2C(CC[C@@]3(C)C2C[C@@H](F)[C@@H]3O)c2ccc(O)cc2C1,,,,,,,,,,,,,,,0.689,,,,,,,,0.146,,,,,,,,,,,,,,,,,,,,,,,,,,,,,,,,,,,,,,,,,
1270-18F67aMe16bFEES,C#C[C@]1(O)[C@H](F)CC2C3=C(C)Cc4cc(O)ccc4C3CC[C@@]21C,,,,,,,,,,,,,,,0.06,,,,,,,,0.066,,,,,,,,,,,,,,,,,,,,,,,,,,,,,,,,,,,,,,,,,
1271A-7a-18F-MDHT,CC12CCC(=O)CC1CC(F)C1C2CCC2(C)C1CCC2(C)O,,,,,,,,,,,,,,,0.04,,,,,0.05,,,,,,,,,,,,,,,,,,,,,,,,,,,,,,,,,,,,,,,,,,,,
1271B-18F-FMDHT,CC12CCC(=O)CC1CC(F)C1C2CCC2(C)C1CCC2(C)O,,,,,,,,,,,,,,,0.08,,,,,0.05,,,0.06,,,,,,,,,,,,,,,,,,,,,,,,,,,,,,,,,,,,,,,,,
1274-7a-18F-5,C[C@]12CCC3C(C1CC[C@@H]2O)[C@H](CF)C[C@H]1CC(=O)CC[C@]31C,,,,,,,,,,,,,,,0.056,,,,,0.027,,,,,,,,,,,,,,,,,,,,,,,,,,,,,,,,,,,,,,,,,,,,
1274-7a-18F-6,C[C@]12CCC3C(C1CC[C@@H]2O)[C@H](CF)CC1=CC(=O)CC[C@@H]13,,,,,,,,,,,,,,,0.11,,,,,0.057,,,,,,,,,,,,,,,,,,,,,,,,,,,,,,,,,,,,,,,,,,,,
1278-18F3,C[C@@H]1Cc2cc(O)ccc2C2CC[C@@]3(C)C(C[C@H](F)[C@@H]3O)C21,,,,,,,,,,,,,,,0.443,,,,,,,,0.076,,,,,,,,,,,,,,,,,,,,,,,,,,,,,,,,,,,,,,,,,
1278-18F4,C#C[C@]1(O)[C@@H](F)CC2C3C(CC[C@@]21C)c1ccc(O)cc1C[C@H]3C,,,,,,,,,,,,,,,0.07,,,,,,,,0.039,,,,,,,,,,,,,,,,,,,,,,,,,,,,,,,,,,,,,,,,,
1278-18F5,C[C@@H]1Cc2cc(O)ccc2C2CC[C@@]3(C)C(C[C@H](F)[C@@H]3O)C21,,,,,,,,,,,,,,,0.689,,,,,,,,0.146,,,,,,,,,,,,,,,,,,,,,,,,,,,,,,,,,,,,,,,,,
1278-18F6,C#C[C@]1(O)[C@H](F)CC2C3C(CC[C@@]21C)c1ccc(O)cc1C[C@H]3C,,,,,,,,,,,,,,,0.06,,,,,,,,0.066,,,,,,,,,,,,,,,,,,,,,,,,,,,,,,,,,,,,,,,,,
1279-18F6,C[C@]12CCC3c4ccc(O)cc4CC[C@@]3(CCF)C1CC[C@@H]2O,,,,,,,,,,,,,,,0.22,,,,,,,,,,,,,,,,,,,,,,,,,,,,,,,,,,,,,,,,,,,,,,,,,
1280-18F11,CC(C)(C)OC(=O)COCCCCCF,,,,0.94,,0.83,,,,,0.23,,,,,,,,,,,,,,,,,,,,,,,,,,,0.01,,0.03,,,,,0.02,,,,,,,,,,,,,,,,,,,
1280-18F4,CCOC(=O)CC(C)CCCCCF,,,,1.13,,0.58,,,,,0.43,,,,,,,,,,,,,,,,,,,,,,,,,,,0.23,,0.17,,,,,0.08,,,,,,,,,,,,,,,,,,,
1280-18F5,COC(=O)CC(C)(C)CCCCCF,,,,0.97,,0.47,,,,,0.16,,,,,,,,,,,,,,,,,,,,,,,,,,,0.37,,0.19,,,,,0.03,,,,,,,,,,,,,,,,,,,
1280-18F6,COC(=O)CCCCCCCF,,,,,,0.72,,,,,0.54,,,,0.44,,,0.45,,,,,,,,,,,,,,,,,,,,,,0.38,,,,,0.42,,,,0.37,,,0.46,,,,,,,,,,,,
1280-18F7,CC(CCCCCF)CC(=O)O,,,,0.79,,0.94,,,,,0.42,,,,,,,,,,,,,,,,,,,,,,,,,,,0.15,,0.1,,,,,0.04,,,,,,,,,,,,,,,,,,,
1280-18F8,O=C(O)CCCCCCCF,,1.27,,0.7,,,,,,,0.65,,,,0.41,,,,,,,,,,,,,,,,,,,,,0.28,,0.27,,,,,,,0.31,,,,0.37,,,,,,,,,,,,,,,
1307A-18F-CPFPX,CCCn1c(=O)c2c(nc(C3CCCC3)n2COC(=O)C(C)(C)C)n(CCCOS(=O)(=O)c2ccc(C)cc2)c1=O,,,11.2,,,5.21,,,6.53,4.13,,3.92,,,1.55,,,,,,,,,,,,,,,,,,,,,,2.45,,,2.44,,,2.37,2.39,,2.52,,,1.55,,,,,,,,,,,,,,,
1308-DFDG,OCC1C(O)C(O)C2(F)C(O)OC12F,,,,,,,,,0.47,,1.19,,,,1.07,,,0.53,,0.47,,,,,,,,,,,,,,,,,,,,,,,1.61,,2.51,,,,2.95,,,1.4,,1.6,,,,,,,,,,
1312A-18F-Fluorodeoxyadenosine,CC1(CO)OC(C)(n2cnc3c(N)ncnc32)C(C)(F)C1(C)O,,,,,,,,,,,1.55,,,,0.519,,,,,0.274,,,,,0.132,,,,,,,,,,,,,,,,,,,,,,,,,,,,,,,,,,,,,,,
1317-18F5,Nc1nc(=O)c2ncc(CNc3ccc(C(=O)NC(CCC(=O)NNC(=O)CO/N=C\[C@@H](F)C(O)[C@H](O)C(O)CO)C(=O)O)cc3)nc2[nH]1,,,,,,3.26,,,,,,,,,0.4,,,,,0.22,,,,,,,,,,,,,,,,,,,,,,,,,,,,,,,,,,,,,,,,,,,,
1317-18F8,CN(Cc1cnc2c(N)nc(N)nc2n1)c1ccc(C(=O)NC(CCC(=O)NNC(=O)CO/N=C\[C@@H](F)C(O)[C@H](O)C(O)CO)C(=O)O)cc1,,,,,,3.06,,,,,,,,,1.3,,,,,0.82,,,,,,,,,,,,,,,,,,,,,,,,,,,,,,,,,,,,,,,,,,,,
1318A-F-18FDGal ,OCC1OC(O)C(F)C(O)C1O,,,,,,0.51,,,,,0.23,,,,0.2,,,,,0.2,,,,,,,,,,,,,,,,,,,,0.52,,,,,0.47,,,,0.5,,,,,0.54,,,,,,,,,,
1318D-18FGal,OC[C@H]1OC(O)[C@H](F)[C@@H](O)[C@H]1O,,,1.14,,,0.68,,,,,0.28,,,,0.27,,,,,,,,,,,,,,,,,,,,,,0.54,,,0.69,,,,,0.64,,,,0.78,,,,,,,,,,,,,,,
1319-18FFDT,OC[C@H]1OC(O)[C@@H](F)[C@@H](O)[C@H]1O,,,,,,2.96,,,,,2.55,,,,2.15,,,,,2.43,,,,,,,,,,,,,,,,,,,,2.36,,,,,2.69,,,,2.78,,,,,2.63,,,,,,,,,,
1320E-18F-FDG,OC[C@H]1O[C@H](O)[C@H](F)[C@@H](O)[C@@H]1O,,,,,,,,,,,,,,,0.24,,,,,,,,,,,,,,,,,,,,,,,,,,,,,,,,,,2.75,,,,,,,,,,,,,,,
1320E-18F-FET,N[C@@H](Cc1ccc(OCCF)cc1)C(=O)O,,,,,,,,,,,,,,,0.68,,,,,,,,,,,,,,,,,,,,,,,,,,,,,,,,,,0.57,,,,,,,,,,,,,,,
1325B-18F-FAA,Nc1ncnc2c1ncn2C1O[C@@H](CO)[C@H](O)[C@H]1F,,,,,,,,,,,,,,,,,,,,0.532,,,,,,,,,,,,,,,,,,,,,,,,,,,,,,,,,,,,,,,,,,,,
1325B-18F-FXA,CC1C(CO)OC(n2cnc3c(N)ncnc32)C1O,,,,,,,,,,,,,,,,,,,,1.034,,,,,,,,,,,,,,,,,,,,,,,,,,,,,,,,,,,,,,,,,,,,
1326-18F3,Nc1nc2ncc(CNc3ccc(C(=O)N[C@@H](CCC(=O)NCCCCn4cc(CCCCF)nn4)C(=O)O)cc3)nc2c(=O)[nH]1,,,,,,,,,,,,,0.13,,,,,,,,,,,,,,,,,,,,,,,,,,,,,,,,,,0.26,,,,,,,,,,,,,,,,,
1327-18F9,Cc1cc(N)nc(CC(C)F)c1,,,,2.37,,,,,,,1.22,,,,0.31,,,,,0.27,,,,,,,,,,,,,,,,,,1.6,,,,,,,0.28,,,,0.11,,,,,0.07,,,,,,,,,,
1329-18F5,Nc1nc(=O)c2ncc(CNc3ccc(C(=O)NC(CCC(=O)NNC(=O)CO/N=C\[C@@H](F)C(O)[C@H](O)C(O)CO)C(=O)O)cc3)nc2[nH]1,,,,,,3.26,,,,,,,,,0.4,,,,,0.22,,,,,,,,,,,,,,,,,,,,,,,,,,,,,,,,,,,,,,,,,,,,
1329-18F8,CN(Cc1cnc2c(n1)NC(N)=NC2N)c1ccc(C(=O)NC(CCC(=O)NNC(=O)CO/N=C\[C@@H](F)C(O)[C@H](O)C(O)CO)C(=O)O)cc1,,,,,,3.06,,,,,,,,,1.3,,,,,0.82,,,,,,,,,,,,,,,,,,,,,,,,,,,,,,,,,,,,,,,,,,,,
1331-18F1,CCN(CC)CCNC(=O)c1cc(F)ccn1,,,,,,,,,,,,,,,0.33,,,,,0.15,,,,,,,,,,,,,,,,,,,,,,,,,,,,,0.49,,,,,0.24,,,,,,,,,,
1331-18F2,CCN(CC)CCNC(=O)c1ccc(F)cn1,,,,,,,,,,,,,,,0.42,,,,,0.19,,,,,,,,,,,,,,,,,,,,,,,,,,,,,1.28,,,,,0.42,,,,,,,,,,
1331-18F3,CCN(CC)CCNC(=O)c1ccc(F)nc1,,,,,,,,,,,,,,,0.46,,,,,0.2,,,,,,,,,,,,,,,,,,,,,,,,,,,,,1.56,,,,,0.41,,,,,,,,,,
1334-18F2a,COC12CCC3(CC1C(C)(C)O)C1Cc4ccc(O)c5c4[C@@]3(CCN1CCCF)C2O5,,,,4.69,,,,,,,1.46,,,,0.71,,,,,,,,,,,,,,,,,,,,,,,1.83,,,,,,,0.37,,,,0.094,,,,,,,,,,,,,,,
1338-18F10,CC(=O)N1CCN(Cc2cccc(NC(=O)c3ccc(F)nc3)c2)CC1,,,3.16,,,,,,2.3,,1.69,,,,1.05,,,,,,,,,,,,,,,,,,,,,,,,,,,,,,,,,,,,,,,,,,,,,,,,,
1338-18F8,COc1ccccc1N1CCN(Cc2cccc(NC(=O)c3ccc(F)nc3)c2)CC1,,,3.24,,,,,,1.02,,1.12,,,,0.98,,,,,,,,,,,,,,,,,,,,,,,,,,,,,,,,,,,,,,,,,,,,,,,,,
1340-18F1,CCc1cc2ncnc(Nc3ccc(F)c(Cl)c3)c2cc1OCCF,,,,7,,,,,,,5.85,,,,5.07,,,,,3.61,,,,,,,,,,,,,,,,,,1.97,,,,,,,3.15,,,,2.94,,,,,1.98,,,,,,,,,,
1340-18F2,C#Cc1cccc(Nc2ncnc3cc(OC)c(OCCF)cc23)c1,,,,7.56,,,,,,,3.06,,,,1.19,,,,,0.77,,,,,,,,,,,,,,,,,,5.51,,,,,,,2.59,,,,0.3,,,,,1.5,,,,,,,,,,
1340-18F3,COc1cc2ncnc(Nc3cccc(Br)c3)c2cc1OCCF,,,,4.43,,,,,,,1.58,,,,1.11,,,,,0.56,,,,,,,,,,,,,,,,,,0.78,,,,,,,0.39,,,,0.19,,,,,0.09,,,,,,,,,,
1343-3b,COC12CC[C@@]3(CC1[C@@](C)(O)C(C)(C)C)C1Cc4ccc(O)c5c4C3(CCN1CCCF)[C@H]2O5,,,,3.6,,,,,,,,,,,0.66,,,,,0.39,,,,,,,,,,,,,,,,,,1.9,,,,,,,,,,,0.34,,,,,0.19,,,,,,,,,,
1343-4b,COC12CC[C@@]3(CC1C(C)(C)O)C1Cc4ccc(O)c5c4C3(CCN1CCCF)[C@H]2O5,,,,,,,,,,,0.19,,,,0.071,,,,,,,,,,,,,,,,,,,,,,,,,,,,,,0.18,,,,0.043,,,,,,,,,,,,,,,
1345-18F3c,COc1cc2c(cc1OC)CN(CCCCNC(=O)c1cc(C)ccc1OCCF)CC2,,,,2.49,,,,,,,1.16,,,,0.56,,,,,0.35,,,,,,,,,,,,,,,,,,0.76,,,,,,,0.27,,,,0.18,,,,,0.12,,,,,,,,,,
1345-18F3d,COc1cc2c(cc1OC)CN(CCCCNC(=O)c1cc(Br)ccc1OCCF)CC2,,,,3.57,,,,,,,2.81,,,,1.69,,,,,0.52,,,,,,,,,,,,,,,,,,1.09,,,,,,,0.4,,,,0.32,,,,,0.2,,,,,,,,,,
1345-18F3e,COc1cc2c(cc1OC)CN(CCCCNC(=O)c1cc(I)ccc1OCCF)CC2,,,,4.6,,,,,,,4.3,,,,3.39,,,,,1.92,,,,,,,,,,,,,,,,,,0.55,,,,,,,0.44,,,,0.36,,,,,0.37,,,,,,,,,,
1345-18F3f,COc1cc2c(cc1OC)CN(CCCCNC(=O)c1cc(I)cc(OC)c1OCCF)CC2,,,,1.82,,,,,,,1.23,,,,0.65,,,,,0.28,,,,,,,,,,,,,,,,,,0.71,,,,,,,0.27,,,,0.14,,,,,0.08,,,,,,,,,,
1356-18F1,O=C(Cc1cccc(Br)c1)NC1CCN(Cc2ccc(F)cc2)CC1,,,,1.34,,,,,,,0.51,,,,0.19,,,,,0.12,,,,,,,,,,,,,,,,,,7.86,,,,,,,5.56,,,,4.82,,,,,3.52,,,,,,,,,,
1356-18F2,O=C(Cc1ccccc1F)NC1CCN(Cc2ccccc2)CC1,,,,,,,,,,,,,,,0.24,,,,,0.1,,,,,,,,,,,,,,,,,,,,,,,,,,,,,5.39,,,,,3.17,,,,,,,,,,
1357-18F-CML,O=C(O)CNCCCCC(NC(=O)c1ccc(F)cc1)C(=O)O,,,,,,,,,,,,,,,,,,,,,,,,,,,,,,,,,,,,,,3.04,,,,,,,,,,,0.38,,,,,0.07,,,,,,,,,,
1362B-1,CC(=O)OC[C@@H]1CCCCN1CCF,,3.0,,,,,,,,,,,,,,,,,,,,,,,,,,,,,,,,,,0.0,,,,,,,,,,,,,,,,,,,,,,,,,,,,
1362B-2,CC(=O)OC1CCN(CCF)C1,,25.0,,,,,,,1.6,,,,,,,,,,,,,,,,,,,,,,,,,,,40.0,,,,,,,0.0,,,,,,,,,,,,,,,,,,,,,
1362B-3,CC(=O)OC1CCN(CCF)CC1,,42.0,,,,,,,4.5,,,,,,,,,,,,,,,,,,,,,,,,,,,66.0,,,,,,,5.3,,,,,,,,,,,,,,,,,,,,,
1362B-4,CC(=O)OC1CCCN(CCF)C1,,14.0,,,,,,,,,,,,,,,,,,,,,,,,,,,,,,,,,,0.0,,,,,,,,,,,,,,,,,,,,,,,,,,,,
1362B-PMP,CCC(=O)OC1CCN(C)CC1,,37.0,,,,,,,1.1,,,,,,,,,,,,,,,,,,,,,,,,,,,47.0,,,,,,,0.0,,,,,,,,,,,,,,,,,,,,,
1382A-FPT,NC(Cc1ccc(OCCCF)cc1)C(=O)[O-],,,,,,0.9,,,,,0.64,,,,0.52,,,,,0.38,,,0.32,,,,,,,,,,,,,,,,,0.25,,,,,0.23,,,,0.27,,,,,0.23,,,0.17,,,,,,,
1382C-FPT,NC(Cc1ccc(OCCCF)cc1)C(=O)O,,,,,,4.49,,,,,3.22,,,,2.58,,,,,1.89,,,1.61,,,,,,,,,,,,,,,,,1.27,,,,,1.15,,,,1.35,,,,,1.13,,,0.84,,,,,,,
1387-1b,CSC(=N)N,,,,,,0.32,,,,,0.27,,,,0.32,,,,,,,,0.19,,,,,,,,,,,,,,,,,0.14,,,,,0.15,,,,0.17,,,,,,,,0.16,,,,,,,
1387-3b,N=C(N)SCCF,,,,0.18,,,,,0.16,,0.11,,0.08,,,,,,,,,,,,,,,,,,,,,,,,,0.05,,,,,0.04,,0.03,,0.02,,,,,,,,,,,,,,,,,
1391-18F12,N[C@]1(C(=O)O)C[C@H](F)C1,,,,,,,,,0.36,,0.37,,,,0.32,,,,,0.26,,,,,,,,,,,,,,,,,,,,,,,0.2,,0.18,,,,0.2,,,,,0.25,,,,,,,,,,
1392-18F9e,O=C(c1ccc(F)cc1)C1CCN(C2Cc3ccccc3C[C@H]2O)CC1,,,,0.122,,,,,,,0.071,,,,0.043,,,,,0.027,,,,,,,,,,,,,,,,,,0.606,,,,,,,0.153,,,,0.095,,,,,0.059,,,,,,,,,,
1398A-18FFE@SUPPY,CCSC(=O)c1c(CC)nc(-c2ccccc2)c(C(=O)OCCF)c1CC,,,,0.09,,,,,0.076,,0.081,,,,0.038,,,,,0.038,,,,,,,,,,,,,,,,,,0.257,,,,,0.332,,0.297,,,,0.2,,,,,0.21,,,,,,,,,,
1400A-18F2,N#Cc1ccc(OCC2CCN(CCF)CC2)cc1,,,,0.14,,,,,0.11,,0.07,,,,0.07,,,,,,,0.06,,,,,0.04,,,,,,,,,,,1.41,,,,,1.15,,1.17,,,,1.08,,,,,,,0.96,,,,,0.33,,,
1402A-18FWC-II-89,O=C1C(=O)N(CC2=C=C=C(OCCF)C=C2)c2ccc(S(=O)(=O)N3CCC[C@H]3COc3ccccc3)cc21,,,,2.7,,,,,,,,,,,0.112,,,,,0.063,,,,,,,,,,,,,,,,,,,,,,,,,,,,,,,,,,,,,,,,,,,,
1403A-18F-4-Fluoroglutamine,NC(=O)[C@H](F)C[C@H](N)C(=O)O,,,6.19,,,,,,,,2.72,,,,2.05,,,,,0.83,,,,,0.48,,,,,,,,,,,,0.54,,,,,,,,0.51,,,,0.53,,,,,0.57,,,,,0.45,,,,,
1403C-18FGLN,NC(=O)[C@H](F)C[C@H](N)C(=O)O,,,,,,,,,,,0.43,,,,0.32,,,,,,,,,,,,,,,,,,,,,,,,,,,,,,0.11,,,,0.13,,,,,,,,,,,,,,,
1403C-18FGLU,N[C@@H](C[C@@H](F)C(=O)O)C(=O)O,,,,,,,,,,,0.36,,,,0.17,,,,,,,,,,,,,,,,,,,,,,,,,,,,,,0.05,,,,0.05,,,,,,,,,,,,,,,
1404A-18F1,COC1CC2(C)C(C[C@@H](F)[C@@H]2O)C2CCc3cc(O)ccc3C12,,,,,,,,,,,,,,,0.127,,,,,,,,0.086,,,,,,,,,,,,,,,,,,,,,,,,,,,,,,,,,,,,,,,,,
1404A-18F2,CCC1CC2(C)C(C[C@@H](F)[C@@H]2O)C2CCc3cc(O)ccc3C12,,,,,,,,,,,,,,,1.09,,,,,,,,0.844,,,,,,,,,,,,,,,,,,,,,,,,,,,,,,,,,,,,,,,,,
1404A-18F3,C#C[C@]1(O)[C@H](F)CC2C3CCc4cc(O)ccc4C3CCC21C,,,,,,,,,,,,,,,0.087,,,,,,,,0.128,,,,,,,,,,,,,,,,,,,,,,,,,,,,,,,,,,,,,,,,,
1405A-18F7,C#C[C@@]1(O)C2CCC3c4ccc(O)cc4CCC3C2C[C@H]1F,,,,,,,,,,,,,,,0.087,,,,,,,,0.089,,,,,,,,,,,,,,,,,,,,,,,,,,0.16,,,,,,,,0.042,,,,,,,
1405A-18F7a,C#C[C@]1(O)C2C[C@H](C)C3c4ccc(O)cc4CCC3C2C[C@H]1F,,,,,,,,,,,,,,,0.259,,,,,,,,0.284,,,,,,,,,,,,,,,,,,,,,,,,,,0.14,,,,,,,,0.033,,,,,,,
1405A-18F8,C#C[C@@]1(O)C2C[C@H](OC)C3c4ccc(O)cc4CCC3C2C[C@H]1F,,,,,,,,,,,,,,,0.09,,,,,,,,0.054,,,,,,,,,,,,,,,,,,,,,,,,,,0.115,,,,,,,,0.055,,,,,,,
1405A-18F8a,C#C[C@]1(O)C2C[C@H](CC)C3c4ccc(O)cc4CCC3C2C[C@H]1F,,,,,,,,,,,,,,,0.438,,,,,,,,0.285,,,,,,,,,,,,,,,,,,,,,,,,,,,,,,,,,,,,,,,,,
1405A-18F9,C#C[C@@]1(O)C2C[C@H](CC)C3c4ccc(O)cc4CCC3C2C[C@H]1F,,,,,,,,,,,,,,,0.06,,,,,,,,0.041,,,,,,,,,,,,,,,,,,,,,,,,,,,,,,,,,,,,,,,,,
1405A-18F9a,C#C[C@]1(O)C2C[C@H](CC)C3c4ccc(O)cc4CCC3C2C[C@H]1F,,,,,,,,,,,,,,,0.204,,,,,,,,2.295,,,,,,,,,,,,,,,,,,,,,,,,,,,,,,,,,,,,,,,,,
1407B-2-18F,NC(Cc1ccccc1CF)C(=O)O,,,,,,,,,,,,,,,0.79,,,,,,,,,,,,,,,,,,,,,,,,,,,,,,,,,,0.67,,,,,,,,,,,,,,,
1414A-18FDFPA,CCCCCC[C@H](F)[C@H](F)CCCCCCCC(=O)O,,,,,,,,,,0.76,,,,,0.55,,,,,,,,,,,,,,,,,,,,,,,,,,,,,0.15,,,,,0.15,,,,,,,,,,,,,,,
1419A-18F7,C#C[C@@]1(O)C2CCC3c4ccc(O)cc4CCC3C2C[C@H]1F,,,,,,,,,,,,,,,0.087,,,,,,,,0.129,,,,,,,,,,,,,,,,,,,,,,,,,,0.16,,,,,,,,0.042,,,,,,,
1419A-18F7a,C#C[C@]1(O)C2CCC3c4ccc(O)cc4CCC3C2C[C@H]1F,,,,,,,,,,,,,,,0.259,,,,,,,,0.284,,,,,,,,,,,,,,,,,,,,,,,,,,0.14,,,,,,,,0.033,,,,,,,
1419A-18F8,C#C[C@@]1(O)C2C[C@H](OC)C3c4ccc(O)cc4CCC3C2C[C@H]1F,,,,,,,,,,,,,,,0.09,,,,,,,,0.054,,,,,,,,,,,,,,,,,,,,,,,,,,0.115,,,,,,,,0.055,,,,,,,
1419A-18F8a,C#C[C@]1(O)C2C[C@H](OC)C3c4ccc(O)cc4CCC3C2C[C@H]1F,,,,,,,,,,,,,,,0.438,,,,,,,,0.285,,,,,,,,,,,,,,,,,,,,,,,,,,,,,,,,,,,,,,,,,
1419A-18F9,C#C[C@]1(O)C2C[C@H]([C]C)C3c4ccc(O)cc4CCC3C2C[C@H]1F,,,,,,,,,,,,,,,0.06,,,,,,,,0.041,,,,,,,,,,,,,,,,,,,,,,,,,,,,,,,,,,,,,,,,,
1419A-18F9a,C#C[C@@]1(O)C2C[C@H]([C]C)C3c4ccc(O)cc4CCC3C2C[C@H]1F,,,,,,,,,,,,,,,0.204,,,,,,,,0.123,,,,,,,,,,,,,,,,,,,,,,,,,,,,,,,,,,,,,,,,,
1419B-18F7a,CO[C@H]1C[C@@]2(C)C(C[C@H](F)[C@@H]2O)C2CCc3cc(O)ccc3C21,,,,,,,,,,,,,,,0.148,,,,,,,,0.117,,,,,,,,,,,,,,,,,,,,,,,,,,,,,,,,,,,,,,,,,
1419B-18F7b,CC[C@H]1C[C@@]2(C)C(C[C@H](F)[C@@H]2O)C2CCc3cc(O)ccc3C21,,,,,,,,,,,,,,,0.108,,,,,,,,0.084,,,,,,,,,,,,,,,,,,,,,,,,,,,,,,,,,,,,,,,,,
1419B-18F7c,C[C@]12CCC3c4ccc(O)cc4CCC3C1C[C@H](F)[C@@H]2O,,,,,,,,,,,,,,,0.949,,,,,,,,0.534,,,,,,,,,,,,,,,,,,,,,,,,,,,,,,,,,,,,,,,,,
1419B-18F8a,C#C[C@]1(O)[C@@H](F)CC2C3CCc4cc(O)ccc4C3[C@@H](OC)C[C@@]21C,,,,,,,,,,,,,,,0.284,,,,,,,,0.101,,,,,,,,,,,,,,,,,,,,,,,,,,,,,,,,,,,,,,,,,
1419B-18F8b,C#C[C@]1(O)[C@@H](F)CC2C3CCc4cc(O)ccc4C3[C@@H](CC)C[C@@]21C,,,,,,,,,,,,,,,0.264,,,,,,,,0.144,,,,,,,,,,,,,,,,,,,,,,,,,,,,,,,,,,,,,,,,,
1419B-18F8c,C#C[C@]1(O)[C@@H](F)CC2C3CCc4cc(O)ccc4C3CC[C@@]21C,,,,,,,,,,,,,,,0.449,,,,,,,,0.358,,,,,,,,,,,,,,,,,,,,,,,,,,,,,,,,,,,,,,,,,
1419C-18F3,C#C[C@]1(O)[C@@H](F)CC2C3CCc4cc(O)ccc4C3[C@@H](OC)C[C@@]21C,,,,,,,,,,,,,,,0.285,,,,,,,,,,,,,,,,,,,,,,,,,,,,,,,,,,0.333,,,,,,,,,,,,,,,
1422A-D18FFET,CCOc1ccc(C[C@@H](N)C(=O)O)cc1F,,,,1.878,,,,,0.797,,0.433,,,,0.268,,,,,,,,,,,,,,,,,,,,,,,,,,,,,,,,,,,,,,,,,,,,,,,,,
1422A-D18FFMT,COc1ccc(C[C@@H](N)C(=O)O)cc1F,,,,1.492,,,,,0.699,,0.474,,,,0.391,,,,,,,,,,,,,,,,,,,,,,,,,,,,,,,,,,,,,,,,,,,,,,,,,
1422A-D18FFPT,CCCOc1ccc(C[C@@H](N)C(=O)O)cc1F,,,,2.204,,,,,1.14,,0.738,,,,0.379,,,,,,,,,,,,,,,,,,,,,,,,,,,,,,,,,,,,,,,,,,,,,,,,,
1422A-L18FFET,CCOc1ccc(C[C@H](N)C(=O)O)cc1F,,,,1.366,,,,,1.112,,1.03,,,,0.852,,,,,,,,,,,,,,,,,,,,,,,,,,,,,,,,,,,,,,,,,,,,,,,,,
1422A-L18FFMT,COc1ccc(C[C@H](N)C(=O)O)cc1F,,,,1.175,,,,,1.01,,0.852,,,,0.747,,,,,,,,,,,,,,,,,,,,,,,,,,,,,,,,,,,,,,,,,,,,,,,,,
1422A-L18FFPT,CCCOc1ccc(C[C@H](N)C(=O)O)cc1F,,,,1.572,,,,,1.306,,1.156,,,,0.969,,,,,,,,,,,,,,,,,,,,,,,,,,,,,,,,,,,,,,,,,,,,,,,,,
1423A-18FDAFBA,CCN(CC)CCNC(=O)c1ccc(F)cc1,,,,,,,,,,,0.78,,,,0.67,,,,,0.2,,,0.21,,,,,,,,,,,,,,,,,,,,,,2.16,,,,1.54,,,,,0.52,,,0.46,,,,,,,
1423B-18FFBZA,CCN(CC)CCNC(=O)C1=C=C=C(F)C=C1,,,,,,,,,,,,,,,,,,,,0.24,,,,,,,,,,,,,,,,,,,,,,,,,,,,,,,,,,0.61,,,,,,,,,,
1426-18FFAMB,CC(N)(CCF)C(=O)O,,,,0.77,,,,,,,0.37,,,,0.23,,,,,0.19,,,,,,,,,,,,,,,,,,0.07,,,,,,,0.09,,,,0.09,,,,,0.11,,,,,,,,,,
1427A-8F-5a,CC(N)(F)C(=O)O,,,,0.53,,,,,,,0.25,,,,0.22,,,,,0.15,,,,,,,,,,,,,,,,,,0.04,,,,,,,0.05,,,,0.06,,,,,0.05,,,,,,,,,,
1427A-8F-5b,CC(N)(F)C(=O)O,,,,0.61,,,,,,,0.3,,,,0.18,,,,,0.1,,,,,,,,,,,,,,,,,,0.04,,,,,,,0.04,,,,0.03,,,,,0.03,,,,,,,,,,
1427B-R-18F5a,CC(N)(F)C(=O)O,,,,,,,,,,,0.28,,,,0.25,,,,,0.16,,,,,,,,,,,,,,,,,,,,,,,,,,,,,,,,,,,,,,,,,,,,
1427B-R-18F8a,CNC(C)(F)C(=O)O,,,,,,,,,0.41,,0.32,,,,0.24,,,,,0.14,,,,,,,,,,,,,,,,,,,,,,,,,,,,,,,,,,,,,,,,,,,,
1427B-S-18F5a,CNC(C)(F)C(=O)O,,,,,,,,,,,0.58,,,,0.4,,,,,0.32,,,,,,,,,,,,,,,,,,,,,,,,,,,,,,,,,,,,,,,,,,,,
1427B-S-18F8a,CNC(C)(F)C(=O)O,,,,,,,,,0.54,,0.31,,,,0.24,,,,,0.14,,,,,,,,,,,,,,,,,,,,,,,,,,,,,,,,,,,,,,,,,,,,
1430B-18F-FEAnGA-Me,COC(=O)C1O[C@@H](Oc2ccc(COC(=O)NCCF)cc2[N+](=O)[O-])C(O)[C@@H](O)C1O,,,,,,,,,,,,,,,0.13,,,,,,,,,,,,,,,,,,,,,,,,,,,,,,,,,,,,,,,,,,,,,,,,,
1430B-18F-FEAnGA,O=C(NCCF)OCc1ccc(O[C@@H]2OC(C(=O)O)C(O)[C@H](O)C2O)c([N+](=O)[O-])c1,,,,,,,,,,,,,,,0.16,,,,,,,,,,,,,,,,,,,,,,,,,,,,,,,,,,,,,,,,,,,,,,,,,
1431-2-18FFFA,Nc1nc2ncc(CNc3ccc(C(=O)N[C@H](CCC(=O)O)C(=O)O)c(F)c3)nc2c(=O)[nH]1,,,,,,,,,,,,,,,,,0.36,,,,,,,,,,,,,,,,,,,,,,,,,,,,,,,,,,0.41,,,,,,,,,,,,,
1434-18F1,Nc1nc(=O)c2ncc(CNc3ccc(C(=O)NC(CCC(=O)NNC(=O)c4ccc(F)cc4)C(=O)O)cc3)nc2[nH]1,,,,,,4.41,,,,,,,,,2.55,,,,,1.13,,,,,,,,,,,,,,,,,,,,,,,,,,,,,,,,,,,,,,,,,,,,
1434-18F2,Nc1nc(=O)c2ncc(CNc3ccc(C(=O)NC(CCC(=O)NNC(=O)c4ccnc(F)c4)C(=O)O)cc3)nc2[nH]1,,,,,,1.22,,,,,,,,,0.1,,,,,0.04,,,,,,,,,,,,,,,,,,,,,,,,,,,,,,,,,,,,,,,,,,,,
1434-18F8,CN(Cc1cnc2nc(N)nc(N)c2n1)c1ccc(C(=O)NC(CCC(=O)NNC(=O)c2ccc(F)cc2)C(=O)O)cc1,,,,,,5.64,,,,,,,,,1.9,,,,,1.08,,,,,,,,,,,,,,,,,,,,,,,,,,,,,,,,,,,,,,,,,,,,
1434-18F9,CN(Cc1cnc2nc(N)nc(N)c2n1)c1ccc(C(=O)NC(CCC(=O)NNC(=O)c2ccc(N)c(N)c2)C(=O)O)cc1,,,,,,3.46,,,,,,,,,3.24,,,,,1.51,,,,,,,,,,,,,,,,,,,,,,,,,,,,,,,,,,,,,,,,,,,,
1435A-18F-FP1OP,CC(C)(C)n1ncc(OCc2ccc(OCCF)cc2)c(Cl)c1=O,,,1.06,,,,,,1.6,,2.12,,,,2.51,,,,,,,,,,,,,,,,,,,,,,,,,,,,,,,,,,,,,,,,,,,,,,,,,
1435A-18F-FP3OP,CC(C)(C)n1ncc(OCc2ccc(OCCOCCOCCF)cc2)c(Cl)c1=O,,,0.82,,,,,,0.69,,0.89,,,,1.07,,,,,,,,,,,,,,,,,,,,,,,,,,,,,,,,,,,,,,,,,,,,,,,,,
1436-18FFP2OP,CC(C)(C)n1ncc(OCc2ccc(OCCOCCF)cc2)c(Cl)c1=O,,,1.17,,,,,,1.22,,1.98,,,,2.13,,,,,,,,,,,,,,,,,,,,,,,,,,,,,,,,,,,,,,,,,,,,,,,,,
1438-18F-FPECMO,CO/N=C1/C=C(C#Cc2cccc(F)n2)CCC1,,,,0.39,,,,,,,0.18,,,,,,,,,,,,,,,,,,,,,,,,,,,,,,,,,,,,,,,,,,,,,,,,,,,,,
1441-18F-L-FEHTP,N[C@@H](Cc1c[nH]c2ccc(OCCF)cc12)C(=O)O,,,,,,,,,,,,,,,,0.75,,,,,,,,,,,,,,,,,,,,,,,,,,,,,,,,,,0.84,,,,,,,,,,,,,,
1442B-18F-FMT,Cc1ccc(O)cc1C[C@H](N)C(=O)O,,,,0.63,,0.51,,,,,0.51,,,,0.46,,,,,0.48,,,,,,,,,,,,,,,,,,0.36,,0.37,,,,,0.52,,,,0.47,,,,,0.46,,,,,,,,,,
1443A-18F-2,CCN(CC)CCNC(=O)c1ccc(F)nc1,,,,,,,,,,,,,,,,,,,,,,,,,,,,,,,,,,,,,,,,,,,,,,,,,,,,,,,,,,,,,,,,
1443A-18F-4,CCCCNCCCCNC(=O)c1ccc(F)nc1,,,,,,,,,,,,,,,,,,,,,,,,,,,,,,,,,,,,,,,,,,,,,,,,,,,,,,,,,,,,,,,,
1443A-18F-6,CCN(CC)CCNC(=O)c1ccncc1C,,,,,,,,,,,,,,,,,,,,,,,,,,,,,,,,,,,,,,,,,,,,,,,,,,,,,,,,,,,,,,,,
1443A-18F-8,*c1cc(C(=O)NCCN(CC)CC)ccn1,,,,,,,,,,,,,,,,,,,,,,,,,,,,,,,,,,,,,,,,,,,,,,,,,,,,,,,,,,,,,,,,
1445A-18F5a,CNC(C)(CF)C(=O)O,,,,0.53,,,,,,,0.25,,,,0.22,,,,,0.15,,,,,,,,,,,,,,,,,,0.04,,,,,,,0.05,,,,0.06,,,,,0.05,,,,,,,,,,
1445A-18F5b,CC(N)(CF)C(=O)O,,,,0.61,,,,,,,0.3,,,,0.18,,,,,0.1,,,,,,,,,,,,,,,,,,0.04,,,,,,,0.04,,,,0.03,,,,,0.03,,,,,,,,,,
1445B-R-18F5,CC(N)(F)C(=O)O,,,,,,,,,,,0.28,,,,0.25,,,,,0.16,,,,,,,,,,,,,,,,,,,,,,,,,0.06,,,,0.1,,,,,0.09,,,,,,,,,,
1445B-R-18F8,CNC(C)(F)C(=O)O,,,,,,,,,0.41,,0.32,,,,0.24,,,,,0.14,,,,,,,,,,,,,,,,,,,,,,,0.06,,0.04,,,,0.05,,,,,0.02,,,,,,,,,,
1445B-S-18F5,CNC(C)(F)C(=O)O,,,,,,,,,,,0.58,,,,0.4,,,,,0.32,,,,,,,,,,,,,,,,,,,,,,,,,0.07,,,,0.06,,,,,0.08,,,,,,,,,,
1445B-S-18F8,CNC(C)(F)C(=O)O,,,,,,,,,0.54,,0.31,,,,0.24,,,,,0.14,,,,,,,,,,,,,,,,,,,,,,,0.06,,0.06,,,,0.05,,,,,0.04,,,,,,,,,,
1457-18F5,CN(C)Cc1ccccc1Sc1cc(F)c(Cl)cc1N,,,6.56,,,,,,,,4.52,,,,4.65,,,,,3.2,,,,,2.33,,,,,,,,,,,,3.27,,,,,,,,1.28,,,,0.69,,,,,0.21,,,,,0.06,,,,,
1466A-18F2,CN(C)c1ccc(/C=C/c2ccc(OCCOCCOCCF)nc2)cc1,,,3.04,,,,,,,,1.33,,,,1.8,,,,,1.08,,,,,,,,,,,,,,,,,7.77,,,,,,,,1.03,,,,1.28,,,,,0.84,,,,,,,,,,
1467A-18F2,COc1cc2c(cc1OCCCF)CCN1C[C@@H](CC(C)C)[C@H](O)C[C@]21C,,,0.26,,,,,,,,0.23,,,,0.18,,,,,0.12,,,,,,,,,,,,,,,,,0.71,,,,,,,,0.62,,,,0.42,,,,,0.35,,,,,,,,,,
1467A-18F4,COc1cc2c(cc1OCCCF)CCN1C[C@@H](CC(C)C)[C@]3(CO3)C[C@H]21,,,0.27,,,,,,,,0.15,,,,0.1,,,,,0.04,,,,,0.02,,,,,,,,,,,,0.95,,,,,,,,0.3,,,,0.32,,,,,0.24,,,,,0.28,,,,,
1468-18FCNPFH,N#Cc1cc(C(=O)NCC(=O)O)ccc1F,,,,,,0.7,,,,,,,,,0.03,,,,,,,,,,,,,,,,,,,,,,,,,,,,,,,,,,,,,,,,,,,,,,,,,
1473-18FBF108,CCN(CC)c1ccc2cc3ccc(N(CC)CCF)cc3nc2c1,,,2.89,,,2.65,,,,,2.57,,,,2.32,,,,,1.91,,,1.56,,,,,,,,,,,,,,0.42,,,1.13,,,,,1.53,,,,1.39,,,,,1.34,,,1.04,,,,,,,
1475-18FBF-227,CN(C)c1ncc(/C=C/c2nc3ccc(OCCF)cc3o2)s1,,,2.93,,,,,,,,2.14,,,,2.09,,,,,,,,,,,,,,,,,,,,,,6.05,,,,,,,,1.91,,,,1.67,,,,,,,,,,,,,,,
1475-18FFACT,CN(C)c1ncc(/C=C/c2nc3ccc(OC(CO)CF)cc3o2)s1,,,3.65,,,,,,,,1.19,,,,0.64,,,,,,,,,,,,,,,,,,,,,,4.64,,,,,,,,0.53,,,,0.28,,,,,,,,,,,,,,,
1475-18FTHK-525,FCCOc1ccc2nc(/C=C/c3cnc(N4CCOCC4)s3)oc2c1,,,2.82,,,,,,,,2.2,,,,1.91,,,,,,,,,,,,,,,,,,,,,,4.73,,,,,,,,2.05,,,,1.68,,,,,,,,,,,,,,,
1475-18FTHK-702,OCC(CF)Oc1ccc2nc(/C=C/c3cnc(N4CCOCC4)s3)oc2c1,,,3.34,,,,,,,,1.06,,,,0.67,,,,,,,,,,,,,,,,,,,,,,4.15,,,,,,,,0.53,,,,0.35,,,,,,,,,,,,,,,
1475-18FTHK-727,OCC(CF)COc1ccc2nc(/C=C/c3cnc(N4CCOCC4)s3)oc2c1,,,2.94,,,,,,,,1.52,,,,0.66,,,,,,,,,,,,,,,,,,,,,,4.06,,,,,,,,1.04,,,,0.69,,,,,,,,,,,,,,,
1476A-18FBMY14802,OC(*N1CCN(c2ncc(F)cn2)CC1)c1ccc(F)cc1,,,,2.07,,,,,,,1.11,,,,0.5,,,,,0.71,,,,,,,,,,,,,,,,,,6.06,,,,,,,0.87,,,,0.38,,,,,0.25,,,,,,,,,,
1476B-18FBMY14802,O*(C1=C=CC(F)C=C1)N1CCN(C2=NCC(F)C=N2)CC1,,,,1.48,,,,,,,2.76,,,,0.76,,,,,,,,,,,,,,,,,,,,,,,5.93,,,,,,,1014.0,,,,0.51,,,,,,,,,,,,,,,
1477-4-Br18FPN,*CCCn1cc(Br)nc1[N+](=O)[O-],,,,0.353,,,,,0.403,,0.308,,,,0.228,,,,,,,,,,,,,,,,,,,,,,,0.415,,,,,0.394,,0.285,,,,0.166,,,,,,,,,,,,,,,
1486-18 FCNPFH,N#Cc1cc(C(=O)NCC(=O)O)ccc1F,,,,,,0.7,,,,,,,,,0.03,,,,,,,,,,,,,,,,,,,,,,,,,,,,,,,,,,,,,,,,,,,,,,,,,
1488B-18F-SKI-249380,Cc1nc(Nc2ncc(C(=O)Nc3c(C)cccc3Cl)s2)cc(N2CCN(CCF)CC2)n1,,,,,,,,,,,,,,,,,,,,,,,,,,,,,,,,,,,,,,,,,,,,,,,,,0.4,,,,,,,,,,,,,,,
1489-DCFBC,O=C(O)CC[C@H](NC(=O)NC(CSCc1ccc(F)cc1)C(=O)O)C(=O)O,,,,11.3,,,,,4.1,,2.3,,,,1.8,,,0.4,,,,,,,,,,,,,,,,,,,,,,,,,,,,,,,,,,,,,,,,,,,,,,
1491-18F-DDRT,CC(CF)[C@H]1Cc2c(ccc3c2O[C@@H]2COc4cc(C(=O)O)c(C(=O)O)cc4[C@@H]2C3)O1,,,,0.14,,,,,,,0.09,,,,0.08,,,,,0.05,,,,,,,,,,,,,,,,,,0.74,,,,,,,0.34,,,,0.18,,,,,0.11,,,,,,,,,,
1491-18F-DHRT,CC(CF)[C@H]1Cc2c(ccc3c2O[C@@H]2COc4cc(C(=O)O)c(C(=O)O)cc4[C@@H]2C3O)O1,,,,0.19,,,,,,,0.17,,,,0.05,,,,,0.06,,,,,,,,,,,,,,,,,,1.11,,,,,,,0.49,,,,0.51,,,,,0.52,,,,,,,,,,
1491-18FDDRT,COc1cc2c(cc1OC)[C@@H]1Cc3ccc4c(c3O[C@@H]1CO2)C[C@H](C(C)CF)O4,,,,0.14,,,,,,,0.09,,,,0.08,,,,,0.05,,,,,,,,,,,,,,,,,,0.74,,,,,,,0.34,,,,0.18,,,,,0.11,,,,,,,,,,
1491-18FDHRT,COc1cc2c(cc1OC)[C@@H]1C(=O)c3ccc4c(c3O[C@@H]1CO2)CC(C(C)CF)O4,,,,0.19,,,,,,,0.17,,,,0.05,,,,,0.06,,,,,,,,,,,,,,,,,,1.11,,,,,,,0.49,,,,0.51,,,,,0.52,,,,,,,,,,
1495- 11CCHO,C[N+](C)(C)CCO,,,,,,,,,,,,,,,,,,,,,,,,,,,,,,,,,,,,,,,,0.77,,,,,0.86,,,,,,,,,,,,,,,,,,,
1495-11CCHO,C[N+](C)(C)CCO,,,,,,,,,,,,,,,,,,,,,,,,,,,,,,,,,,,,,,,,0.77,,,,,0.86,,,,,,,,,,,,,,,,,,,
1495-18FdOC,C[N+](C)(C)CCF,,,,,,,,,,,,,,,,,,,,,,,,,,,,,,,,,,,,,,,,0.2,,,,,0.23,,,,,,,,,,,,,,,,,,,
1496E-18F-1,CCN(CC)C(=O)Cc1c(-c2ccc(OCCF)cc2)nn2c(C)cc(C)nc12,,,,2.5,,,,,,,0.4,,,,0.5,,,,,,,,,,0.8,,,0.8,,,,,,,,,,3.3,,,,,,,1.0,,,,0.8,,,,,,,,,,0.7,,,0.8,,
1497A-11CDPN,CO[C@]12CCC3(CC1C(C)(C)O)C1Cc4ccc(O)c5c4[C@@]3(CCN1CC1CC1)C2O5,,,,,3.44,,,,2.67,,,,,,0.86,,,,,,,,,,,,,,,,,,,,,,,,7.5,,,,5.65,,,,,,2.27,,,,,,,,,,,,,,,
1497A-18F-DPN,CC(C)(O)C1CC23CC[C@@]1(OCCF)C1Oc4c(O)ccc5c4[C@@]12CCN(CC1CC1)C3C5,,,,4.73,,3.41,,,,,2.33,,,,1.33,,,,,1.03,,,,,0.69,,,,,,,,,,,,,4.36,,3.79,,,,,3.55,,,,1.96,,,,,0.69,,,,,0.39,,,,,
1499B-EF3,O=C(Cn1ccnc1[N+](=O)[O-])NCCC(F)(F)F,,,,4.23,,,,,,,,,,2.55,,,,,1.49,,,,,0.46,,,0.22,,0.11,,0.09,,,,,,,0.93,,,,,,,,,,1.25,,,,,0.77,,,,,0.22,,,0.1,,0.04,0.03
1500-18FEFA,CCOC(=O)CF,,,,,,,,,,,10.88,,,,9.46,,,8.51,,,,,,,,,,,,,,,,,,,,,,,,,,,6.88,,,,6.41,,,6.37,,,,,,,,,,,,
1500-18FFA,O=C([O-])CF,,,,,,,,,,,7.1,,,,7.46,,,6.08,,,,,,,,,,,,,,,,,,,,,,,,,,,4.97,,,,5.13,,,4.05,,,,,,,,,,,,
1503-18FFBB,O=C1NC2CSC(CCCCNC(=O)c3ccc(F)cc3)C2N1,,,,,,,,,,,1.68,,,,0.86,,,,,,,,0.1,,,,,0.04,,,,,,,,,,,,,,,,,,,,,,,,,,,,,,,,,,,,
1512B-18F-facbc,N[C@]1(C(=O)O)C[C@@H](F)C1,,,,,,,,,0.38,,,,,,0.3,,,,,,,,,,,,,,,,,,,,,,,,,,,,0.14,,,,,,0.27,,,,,,,,,,,,,,,
1512B-18F-FDG,OC[C@@H]1O[C@@H](O)[C@H](F)[C@H](O)[C@@H]1O,,,,,,,,,0.71,,,,,,0.23,,,,,,,,,,,,,,,,,,,,,,,,,,,,1.64,,,,,,2.26,,,,,,,,,,,,,,,
1513C-18F-FAC,O=C(O)CF,,,,,,,,,,,0.93,,,,,,,,,1.11,,,,,,,,,,,,,,,,,,,,,,,,,1.49,,,,,,,,,1.69,,,,,,,,,,
1514B-11C-BF-227,CN(C)c1ncc(/C=C/c2nc3ccc(OCCF)cc3o2)s1,,,2.93,,,,,,,,2.14,,,,2.09,,,,,,,,,,,,,,,,,,,,,,6.05,,,,,,,,1.91,,,,1.67,,,,,,,,,,,,,,,
1514B-18F-FACT,CN(C)c1ncc(/C=C/c2nc3ccc(OC(CO)CF)cc3o2)s1,,,3.65,,,,,,,,1.19,,,,0.64,,,,,,,,,,,,,,,,,,,,,,4.64,,,,,,,,0.53,,,,0.28,,,,,,,,,,,,,,,
1514B-18F-THK-525,FCCOc1ccc2nc(/C=C/c3cnc(N4CCOCC4)s3)oc2c1,,,2.82,,,,,,,,2.2,,,,1.91,,,,,,,,,,,,,,,,,,,,,,4.73,,,,,,,,2.05,,,,1.68,,,,,,,,,,,,,,,
1514B-18F-THK-702,OCC(CF)Oc1ccc2nc(/C=C/c3cnc(N4CCOCC4)s3)oc2c1,,,3.34,,,,,,,,1.06,,,,0.67,,,,,,,,,,,,,,,,,,,,,,4.15,,,,,,,,0.53,,,,0.35,,,,,,,,,,,,,,,
1514B-18F-THK-727,OCC(CF)COc1ccc2nc(/C=C/c3cnc(N4CCOCC4)s3)oc2c1,,,2.94,,,,,,,,1.52,,,,0.66,,,,,,,,,,,,,,,,,,,,,,4.06,,,,,,,,1.04,,,,0.69,,,,,,,,,,,,,,,
1515A- 4-18F-ADAM,CN(C)Cc1ccccc1Sc1ccc(F)cc1N,,,9.52,,,,,,,,3.11,,,,2.09,,,,,1.05,,,,,0.52,,,,,,,,,,,,2.13,,,,,,,,1.9,,,,0.95,,,,,0.41,,,,,0.08,,,,,
1518A-18Ffallypride,C=CCN1CCC[C@@H]1CNC(=O)c1cc(CCCF)cc(OC)c1OC,,,,,,,,,,,1.38,,,,0.69,,,,,0.41,,,0.15,,,,,,,,,,,,,,,,,,,,,,0.57,,,,0.36,,,,,0.28,,,0.13,,,,,,,
1521B-18FAZA,O=[N+]([O-])c1nccn1[C@H]1O[C@H](CF)C(O)[C@@H]1O,,,,,,,,,,,,,,,0.9,,,,,,,,0.23,,,,,,,,,,,,,,,,,,,,,,,,,,0.6,,,,,,,,0.27,,,,,,,
1521C-124I-IAZA,O=[N+]([O-])c1nccn1[C@H]1O[C@H](CI)[C@H](O)C1O,,,,,,,,,,,,,,,,,,,,,,,0.375,,,,,,,,,,,,,,,,,,,,,,,,,,,,,,,,,,,,,,,,,
1521C-18F-FMISO,O=[N+]([O-])c1nccn1CC(O)CF,,,,,,,,,,,,,,,,,,,,,,,1.034,,,,,,,,,,,,,,,,,,,,,,,,,,,,,,,,,,,,,,,,,
1523-18F-folate,Nc1nc2ncc(CNc3ccc(C(=O)NC(CCC(=O)O)C(=O)NCc4ccc(F)cc4)cc3)nc2c(=O)[nH]1,,,,,,,,,,,,,,,,,,,,,1.43,,,,,,,,,,,,,,,,,,,,,,,,,,,,,,,,,,0.26,,,,,,,,,
1526D-18FFBAU,O=c1[nH]c(=O)n([C@@H]2O[C@H](CO)C(O)[C@H]2F)cc1Br,,,,,,,,,0.64,,36.0,,,,0.16,,,,,0.14,,,,,,,,,,,,,,,,,,,,,,,0.09,,0.06,,,,0.04,,,,,0.03,,,,,,,,,,
1526D-18FFBAU3'5',O=C(OC[C@H]1O[C@@H](n2cc(Br)c(=O)[nH]c2=O)[C@H](F)C1OC(=O)c1ccccc1)c1ccccc1,,,,,,,,,10.43,,0.26,,,,0.17,,,,,0.08,,,,,,,,,,,,,,,,,,,,,,,0.1,,0.06,,,,0.04,,,,,0.02,,,,,,,,,,
1535-18FFTMA,C[N+](C)(C)c1ccc(F)cc1,,,,0.6,,,,,,0.25,,,,,0.11,,,,,,,,,,,,,,,,,,,,,,,0.03,,,,,,0.02,,,,,0.01,,,,,,,,,,,,,,,
1537-11C-BMS-5p,Cc1onc(NS(=O)(=O)c2ccccc2-c2ccc(-c3ncco3)cc2CN(C)C(=O)c2cc3ccccc3n2C)c1C,,,,12.91,,,,,5.78,,5.17,,,,1.53,,,1.12,,,,,,,,,,,,,,,,,,,,0.38,,,,,0.24,,0.11,,,,0.07,,,0.09,,,,,,,,,,,,
1537-18F-FBzBMS 5,Cc1ccc(C(=O)N(C)Cc2cc(-c3ncco3)ccc2-c2ccccc2S(=O)(=O)Nc2noc(C)c2C)cc1,,,,3.44,,,,,2.3,,1.85,,,,1,,,0.61,,0.4,,,,,,,,,,,,,,,,,,0.11,,,,,0.11,,0.07,,,,0.05,,,0.04,,0.03,,,,,,,,,,
1539A-18FCAP,C[C@H](CS)C(=O)N1C[C@@H](F)C[C@H]1C(=O)O,,,,,,,,,,,0.236,,,,0.129,,,,,0.096,,,,,0.066,,,,,,,,,,,,,,,,,,,,0.069,,,,0.076,,,,,0.0635,,,,,0.055,,,,,
1541-18FFCF,Oc1ccc(C(=C2CCC(F)CC2)c2ccc(O)cc2)cc1,,,,,,,,,,,,,,,0.456,,,,,0.899,,,,,,,,,,,,,,,,,,,,,,,,,,,,,,,,,,,,,,,,,,,,
1541-18FFECF,Oc1ccc(C(=C2CCCC(CCF)C2)c2ccc(O)cc2)cc1,,,,,,,,,,,,,,,0.219,,,,,0.159,,,,,,,,,,,,,,,,,,,,,,,,,,,,,,,,,,,,,,,,,,,,
1542A-CH,C[N+](C)(C)CCO,,,,,,2.1,,,,,1.5,,,,2.2,,,,,,,,,,,,,,,,,,,,,,,,,1.4,,,,,1.0,,,,1.7,,,,,,,,,,,,,,,
1542A-FCH,C[N+](C)(CF)CCO,,,,,,2.7,,,,,3.3,,,,1.5,,,,,,,,,,,,,,,,,,,,,,,,,0.8,,,,,1.0,,,,0.8,,,,,,,,,,,,,,,
1543-18F1,Cc1cc(NCCF)n2ncc(C#N)c2n1,,,,4.83,,,,,4.65,,4.49,,,,3.63,,,,,2.95,,,,,,,,,,,,,,,,,,3.17,,,,,2.7,,2.47,,,,1.93,,,,,1.79,,,,,,,,,,
1543-18F2,Cc1cc(NCCNC(=O)c2ccc([N+](=O)[O-])cc2F)n2ncc(C#N)c2n1,,,,5.23,,,,,2.5,,1.42,,,,0.45,,,,,0.09,,,,,,,,,,,,,,,,,,0.38,,,,,0.16,,0.12,,,,0.08,,,,,0.04,,,,,,,,,,
1544-18F-FBMHA,CCCCCCCCCC(F)CCCCC(C)CC(=O)O,,,,1.02,,,,,,,,,,,0.58,,,,,,,,,,,,,,,,,,,,,,,0.25,,,,,,,,,,,0.27,,,,,,,,,,,,,,,
1544-18F-FCPHA,CCCCCCCCC(F)CCCCC1CC1CC(=O)O,,,,0.06,,,,,,,,,,,0.08,,,,,,,,,,,,,,,,,,,,,,,0.06,,,,,,,,,,,0.05,,,,,,,,,,,,,,,
1546-cis-FDA,C[C@]1(C(=O)O)CCC2c3ccc(O)cc3CCC2[C@H]1CCF,,,,,,,,,,,,,,,5.704,,,,,,,,3.803,,,,,3.839,,,,,,,,,,,,,,,,,,,,,0.195,,,,,,,,0.113,,,,,0.118,,
1546-trans-FDA,C[C@]1(C(=O)O)CCC2c3ccc(O)cc3CCC2[C@@H]1CCF,,,,,,,,,,,,,,,0.36,,,,,,,,0.18,,,,,,,,,,,,,,,,,,,,,,,,,,0.026,,,,,,,,0.014,,,,,,,
1548-18F2,*c1ccc(OCF)c(CN(C(C)=O)C2=CC(F)=CCC2OC2=CCCC=C2)c1,,,,0.95,,,,,1.34,,0.76,,,,0.54,,,,,0.49,,,,,,,,,,,,,,,,,,2.65,,,,,3.26,,4.39,,,,4.04,,,,,3.47,,,,,,,,,,
1548-18F5,*c1ccc(OC([2H])([2H])F)c(CN(C(C)=O)c2cc(F)ccc2OC2=CCCCC2)c1,,,,0.78,,,,,0.92,,0.83,,,,0.86,,,,,0.52,,,,,,,,,,,,,,,,,,2.31,,,,,2.93,,3.68,,,,3.62,,,,,3.24,,,,,,,,,,
1553-18FDL,OC[C@@H]1O[C@@H](COC[C@H]2[C@H](O)[C@@H](F)[C@@H](O)O[C@H]2CO)[C@H](O)[C@@H](O)[C@H]1O,,,,,,10.1,,,,,5.6,,,,,,,,,,,,,,,,,,,,,,,,,,,,,,,,,,,,,,,,,,,,,,,,,,,,,
1556A-18F-5-FdUR,CC1CC(n2cc(F)c(=O)[nH]c2=O)OC1CO,,,,,,0.56,,,,,0.33,,,,0.12,,,,,0.03,,,,,,,,,,,,,,,,,,,,0.06,,,,,0.05,,,,0.04,,,,,0.02,,,,,,,,,,
1556A-18F-5-FU,O=c1[nH]cc(F)c(=O)[nH]1,,,,,,0.61,,,,,0.42,,,,0.22,,,,,0.1,,,,,,,,,,,,,,,,,,,,0.1,,,,,0.09,,,,0.08,,,,,0.06,,,,,,,,,,
1556A-18F-5-FUR,O=c1[nH]c(=O)n(C2O[C@H](CO)C(O)[C@H]2O)cc1F,,,,,,0.6,,,,,0.39,,,,0.19,,,,,0.06,,,,,,,,,,,,,,,,,,,,0.09,,,,,0.08,,,,0.06,,,,,0.04,,,,,,,,,,
1556C-18F5-FU,O=c1[nH]cc(F)c(=O)[nH]1,,,,,,,,,,,,,,,,,,,,,,,,,0.08,,,,,,,,,,,,,,,,,,,,,,,,,,,,,,,,,,,,,,,
1556C-2a,CC(=O)O[C@H]1[C@@H](F)C(=O)NC(=O)N1[C@H]1C[C@H](O)[C@@H](CO)O1,,,,,,,,,,,,,,,,,,,,,,,,,0.15,,,,,,,,,,,,,,,,,,,,,,,,,,,,,,,,,,,,,,,
1556C-2b,CC(=O)O[C@H]1[C@@H](F)C(=O)NC(=O)N1[C@@H]1O[C@H](CO)[C@@H](O)[C@H]1O,,,,,,,,,,,,,,,,,,,,,,,,,0.13,,,,,,,,,,,,,,,,,,,,,,,,,,,,,,,,,,,,,,,
1556C-4a,O=C1NC(=O)N2[C@@H](OC[C@H]3O[C@@H]2C[C@@H]3O)[C@H]1F,,,,,,,,,,,,,,,,,,,,,,,,,0.17,,,,,,,,,,,,,,,,,,,,,,,,,,,,,,,,,,,,,,,
1556C-4b,O=C1NC(=O)N2[C@@H](OC[C@H]3O[C@@H]2[C@H](O)[C@@H]3O)[C@H]1F,,,,,,,,,,,,,,,,,,,,,,,,,0.21,,,,,,,,,,,,,,,,,,,,,,,,,,,,,,,,,,,,,,,
1556C-6a,O=c1[nH]c(=O)n([C@H]2C[C@H](O)[C@@H](CO)O2)cc1F,,,,,,,,,,,,,,,,,,,,,,,,,0.04,,,,,,,,,,,,,,,,,,,,,,,,,,,,,,,,,,,,,,,
1556C-6b,O=c1[nH]c(=O)n([C@@H]2O[C@H](CO)[C@@H](O)[C@H]2O)cc1F,,,,,,,,,,,,,,,,,,,,,,,,,0.2,,,,,,,,,,,,,,,,,,,,,,,,,,,,,,,,,,,,,,,
1558-18F1,COc1ccc(/C=C/C(=O)/C=C(O)/C=C/c2ccc(OCCF)c(OC)c2)cc1OC,,,9.76,,,,,,,,1.26,,,,0.89,,,,,0.67,,,,,,,,,,,,,,,,,1.44,,,,,,,,0.45,,,,0.43,,,,,0.29,,,,,,,,,,
1560A-18F6a,COc1cc2c(cc1OCCF)CCN1CC(CC(C)C)C(O)CC21,,,2.68,,,,,,2.05,,2.27,,,,1.75,,,,,1.38,,,,,,,,,,,,,,,,,4.66,,,,,,2.1,,2.09,,,,1.51,,,,,1.13,,,,,,,,,,
1560A-18F6b,COc1cc2c(cc1OCCCF)CCN1CC(CC(C)C)C(O)CC21,,,2.6,,,,,,1.75,,1.92,,,,1.04,,,,,0.56,,,,,,,,,,,,,,,,,7.08,,,,,,2.01,,1.76,,,,0.91,,,,,0.53,,,,,,,,,,
1561-18FFE-GW405833,Cc1c(CCN2CCOCC2)c2cc(C(=O)CCF)ccc2n1C(=O)c1cccc(Cl)c1Cl,,,4.5,,,,,,,,,,,,5,,,,,,,,,,,,,,,,,,,,,,1.3,,,,,,,,,,,,0.7,,,,,,,,,,,,,,,
1563A-18F2,CN(C)c1ccc(/C=C/C(=O)/C=C(/C=C/c2ccc(OCCOCCF)cc2)OB(F)F)cc1,,,1.49,,,,,,,,2.5,,,,3.46,,,,,,,,,,,,,,,,,,,,,,0.49,,,,,,,,1.02,,,,1.19,,,,,,,,,,,,,,,
1565B-18F-FEAC,CCN(Cc1ccccc1)C(=O)Cn1c(=O)n(CCF)c2cnc(-c3ccccc3)nc21,,1.84,,0.85,,,,,0.66,,0.67,,,,0.82,,,0.73,,,,,,,,,,,,,,,,,,1.06,,0.69,,,,,0.45,,0.4,,,,0.42,,,0.45,,,,,,,,,,,,
1565B-18F-FEDAC,CN(Cc1ccccc1)C(=O)Cn1c(=O)n(CCF)c2cnc(-c3ccccc3)nc21,,1.77,,0.82,,,,,0.74,,0.72,,,,0.66,,,0.45,,,,,,,,,,,,,,,,,,1.0,,0.67,,,,,0.45,,0.4,,,,0.33,,,0.21,,,,,,,,,,,,
1567A-18FFEAU,CCc1cn([C@@H]2O[C@H](CO)[C@@H](O)[C@@H]2F)c(=O)[nH]c1=O,,,,,,,,,,,,,,,,,,,,1.89,,,,,,,,,,,,,,,,,,,,,,,,,,,,,,,,,,,,,,,,,,,,
1567A-18FFIAU,O=c1[nH]c(=O)n([C@@H]2O[C@H](CO)[C@@H](O)[C@@H]2F)cc1I,,,,,,,,,,,,,,,,,,,,2.09,,,,,,,,,,,,,,,,,,,,,,,,,,,,,,,,,,,,,,,,,,,,
1568A-(18F)FPC,O=C(C1CCCCC1)N(CCN1CCN(c2ccccc2OCCCF)CC1)c1ccccn1,,,,0.35,,,,,0.15,,,,,,0.09,,,,,0.03,,,,,,,,,,,,,,,,,,0.4,,,,,0.22,,,,,,0.13,,,,,0.05,,,,,,,,,,
"1569-(18F)FCF,6",Oc1ccc(C(=C2CCC(F)CC2)c2ccc(O)cc2)cc1,,,,,,,,,,,,,,,0.456,,,,,0.899,,,,,,,,,,,,,,,,,,,,,,,,,,,,,,,,,,,,,,,,,,,,
"1569-(18F)FECF,9",Oc1ccc(C(=C2CCCC(CCF)C2)c2ccc(O)cc2)cc1,,,,,,,,,,,,,,,0.219,,,,,0.159,,,,,,,,,,,,,,,,,,,,,,,,,,,,,,,,,,,,,,,,,,,,
1571A-(11C)RTI-31,COC(=O)C1C2CC[C@H](C[C@@H]1c1ccc(Cl)cc1)N2C,,,,0.19,,,,,0.1,,0.06,,,,0.03,,,,,,,,,,,,,,,,,,,,,,,1.24,,,,,1.24,,1.02,,,,0.66,,,,,,,,,,,,,,,
1571A-(11C)RTI-32,COC(=O)C1C2CC[C@H](C[C@@H]1c1ccc(Cl)cc1)N2C,,,,0.14,,,,,0.19,,0.17,,0.17,,0.14,,,0.1,,,,,,,,,,,,,,,,,,,,0.83,,,,,0.78,,0.57,,0.35,,0.31,,,0.2,,,,,,,,,,,,
1571A-(18F)FECT,CN1C2CC[C@@H]1C[C@H](c1ccc(Cl)cc1)C2C(=O)OCCF,,,,0.11,,,,,,,0.05,,,,0.04,,,,,0.03,,,,,,,,,,,,,,,,,,1.1,,,,,,,0.85,,,,0.61,,,,,0.34,,,,,,,,,,
1571A-(18F)FETT,CN1C2CC[C@@H]1C[C@H](c1ccc(Cl)cc1)C2C(=O)OCCF,,,,0.15,,,,,,,0.16,,,,0.15,,,0.08,,0.07,,,,,,,,,,,,,,,,,,0.71,,,,,,,0.46,,,,0.28,,,0.18,,0.11,,,,,,,,,,
1573C-18F-FEAC,CCN(Cc1ccccc1)C(=O)Cn1c(=O)n(CCF)c2cnc(-c3ccccc3)nc21,,1.84,,0.85,,,,,0.66,,0.67,,,,0.82,,,0.73,,,,,,,,,,,,,,,,,,1.06,,0.69,,,,,0.45,,0.4,,,,0.42,,,0.45,,,,,,,,,,,,
1573C-18F-FEDAC,CN(Cc1ccccc1)C(=O)Cn1c(=O)n(CCF)c2cnc(-c3ccccc3)nc21,,1.77,,0.82,,,,,0.74,,0.72,,,,0.66,,,0.45,,,,,,,,,,,,,,,,,,1.0,,0.67,,,,,0.45,,0.4,,,,0.33,,,1.33,,,,,,,,,,,,
1574-18F-FEDPN,N#C[C@H](c1ccc(O)cc1)[C@@H](CCF)c1ccc(O)cc1,,,,,,,,,,,0.73,,,,0.42,,,,,0.23,,,,,,,,,,,,,,,,,,,,,,,,,0.96,,,,0.51,,,,,0.28,,,,,,,,,,
1574-18F-FES,C[C@]12CCC3c4ccc(O)cc4CCC3C1C[C@@H](F)[C@@H]2O,,,,,,,,,,,0.65,,,,0.21,,,,,0.12,,,,,,,,,,,,,,,,,,,,,,,,,0.41,,,,0.07,,,,,0.03,,,,,,,,,,
1575A-1,COC1C[C@@]2(C)C(C[C@@H](F)[C@@H]2O)C2CCc3cc(O)ccc3C12,,,,,,,,,,,,,,,0.127,,,,,,,,0.086,,,,,,,,,,,,,,,,,,,,,,,,,,,,,,,,,,,,,,,,,
1575A-2,CCC1C[C@@]2(C)C(C[C@@H](F)[C@H]2O)C2CCc3cc(O)ccc3C12,,,,,,,,,,,,,,,1.09,,,,,,,,0.844,,,,,,,,,,,,,,,,,,,,,,,,,,,,,,,,,,,,,,,,,
1575A-3,C#C[C@]1(O)[C@H](F)CC2C3CCc4cc(O)ccc4C3CC[C@@]21C,,,,,,,,,,,,,,,0.087,,,,,,,,0.128,,,,,,,,,,,,,,,,,,,,,,,,,,,,,,,,,,,,,,,,,
1576-18F-FTMA-14,C[N+](C)(C)c1ccc(F)cc1,,,,0.6,,,,,,0.25,,,,,0.11,,,,,,,,,,,,,,,,,,,,,,,0.03,,,,,,0.02,,,,,0.01,,,,,,,,,,,,,,,
1578B-18F-FEF,CCOC(=O)c1ncn2c1C(O)N(CCF)C(=O)c1cc(F)ccc1-2,,,,0.95,,,,0.32,,0.44,0.13,,,,,,,,,,,,,,,,,,,,,,,,,,,0.6,,,,0.24,,0.08,0.05,,,,,,,,,,,,,,,,,,,
1583A-18F2,NC(Cc1ccc(CCF)cc1)C(=O)O,,,,,,,,,,,0.73,,,,0.65,,,,,,,,,,,,,,,,,,,,,,,,,,,,,,0.53,,,,0.52,,,,,,,,,,,,,,,
1588A-18FFE-SA4503,COc1cc(CCN2CCN(CCCc3ccccc3)CC2)ccc1OCCF,,,,0.91,,,,,0.71,,1.62,,,,0.8,,,,,0.67,,,,,,,,,,,,,,,,,,4.99,,,,,4.52,,3.2,,,,2.01,,,,,1.23,,,,,,,,,,
1588B-11C1a,COc1ccc(CCN2CCN(CCCc3ccccc3)CC2)cc1OC,,,,0.68,,,,,0.46,,0.29,,,,0.31,,,,,,,,,,,,,,,,,,,,,,,53.61,,,,,153.54,,303.36,,,,603.1,,,,,,,,,,,,,,,
1588B-11C1b,COc1ccc(CCN2CCN(CCCc3ccc(F)cc3)CC2)cc1OC,,,,0.85,,,,,0.46,,0.35,,,,0.28,,,,,,,,,,,,,,,,,,,,,,,52.87,,,,,153.38,,303.45,,,,603.79,,,,,,,,,,,,,,,
1588B-11C2a,CCOc1ccc(CCN2CCN(CCCc3ccccc3)CC2)cc1OC,,,,1.24,,,,,0.76,,0.79,,,,0.45,,,,,,,,,,,,,,,,,,,,,,,54.13,,,,,153.06,,302.35,,,,601.3,,,,,,,,,,,,,,,
1588B-11C2b,CCOc1ccc(CCN2CCN(CCCc3ccc(F)cc3)CC2)cc1OC,,,,0.76,,,,,0.59,,0.52,,,,0.44,,,,,,,,,,,,,,,,,,,,,,,53.56,,,,,153.38,,302.79,,,,601.6,,,,,,,,,,,,,,,
1588B-18F3a,COc1cc(CCN2CCN(CCCc3ccccc3)CC2)ccc1OCCF,,,,0.91,,,,,0.71,,0.79,,,,0.8,,,,,,,,,,,,,,,,,,,,,,,54.99,,,,,154.52,,303.2,,,,602.01,,,,,,,,,,,,,,,
1588B-18F3b,COc1cc(CCN2CCN(CCCc3ccc(F)cc3)CC2)ccc1OCCF,,,,0.74,,,,,0.68,,0.67,,,,0.63,,,,,,,,,,,,,,,,,,,,,,,53.77,,,,,153.59,,303.43,,,,602.94,,,,,,,,,,,,,,,
1590-18F-FESAHA,O=C(CCCCCCC(=O)Nc1ccc(CCF)cc1)NO,,,,,,,,,,,3.3,,,,1.5,,,,,0.7,,,,,,,,,,,,,,,,,,,,,,,,,1.0,,,,0.7,,,,,0.4,,,,,,,,,,
1592A-18FFET,NC(Cc1ccc(OCCF)cc1)C(=O)[O-],,,,,,4.3,,,,,3.38,,,,3.03,,,,,2.1,,,1.4,,,,,,,,,,,,,,,,,1.49,,,,,2.09,,,,2.17,,,,,1.72,,,1.03,,,,,,,
1592E-18F-FDG,OC[C@H]1O[C@H](O)[C@H](F)[C@@H](O)[C@@H]1O,,,,3.09,,2.6,,,,,1.82,,,,0.43,,,0.25,,0.26,,,,,,,,,,,,,,,,,,5.57,,6.06,,,,,9.56,,,,4.11,,,3.59,,4.49,,,,,,,,,,
1592E-18FFET,N[C@@H](Cc1ccc(OCCF)cc1)C(=O)O,,,,5.47,,3.45,,,,,2.55,,,,1.01,,,0.71,,0.53,,,,,,,,,,,,,,,,,,1.41,,1.02,,,,,1.37,,,,0.88,,,0.67,,0.37,,,,,,,,,,
1593-18FFETMP,COc1ccc([P+](CCOCCF)(c2ccc(OC)cc2)c2ccc(OC)cc2)cc1,,,,,,1.16,,,,,0.38,,,,0.73,,,,,0.55,,,,,,,,,,,,,,,,,,,,,,,,,,,,,,,,,,,,,,,,,,,,
1594D-18FFETNIM,O=[N+]([O-])c1nccn1CC(O)C(O)CF,,,,,,,,,,,,,,,,,,,,0.53,,,,,,,,,,,,,,,,,,,,,,,,,,,,,,,,,,,,,,,,,,,,
1594D-18FMISO,O=[N+]([O-])c1nccn1CC(O)CF,,,,,,,,,,,,,,,,,,,,1.37,,,,,,,,,,,,,,,,,,,,,,,,,,,,,,,,,,,,,,,,,,,,
1596-11CMTO,COC(=O)c1cncn1[C@H](C)c1ccccc1,,,,,,,,,,,,,,,0.79,,,,,,,,,,,,,,,,,,,,,,,,,,,,,,,,,,0.56,,,,,,,,,,,,,,,
1596-18F1,C[C@H](c1ccccc1)n1cncc1C(=O)OCCF,,,,,,,,,,,,,,,0.86,,,,,0.78,,,,,,,,,,,,,,,,,,,,,,,,,,,,,0.72,,,,,0.68,,,,,,,,,,
1596-18F2,C[C@H](c1ccc(Cl)cc1)n1cncc1C(=O)OCCF,,,,,,,,,,,,,,,0.67,,,,,0.46,,,,,,,,,,,,,,,,,,,,,,,,,,,,,0.56,,,,,0.51,,,,,,,,,,
1596-18F3,C[C@H](c1ccc(Br)cc1)n1cncc1C(=O)OCCF,,,,,,,,,,,,,,,0.54,,,,,0.56,,,,,,,,,,,,,,,,,,,,,,,,,,,,,0.45,,,,,0.46,,,,,,,,,,
1596-18F4,C[C@H](c1ccc(Br)cc1)n1cncc1C(=O)OCCCF,,,,,,,,,,,,,,,0.24,,,,,0.08,,,,,,,,,,,,,,,,,,,,,,,,,,,,,0.12,,,,,0.05,,,,,,,,,,
1599-18FFluorodeoxyadenosine,Nc1ncnc2c1ncn2C1O[C@@H](CO)[C@H](O)[C@H]1F,,,,,,,,,,,1.55,,,,0.519,,,,,0.274,,,,,0.132,,,,,,,,,,,,,,,,,,,,,,,,,,,,,,,,,,,,,,,
1599-18FFluoroethyluracil,O=c1[nH]cc(CCF)c(=O)[nH]1,,,,,,,,,,,0.422,,,,0.285,,,,,0.233,,,,,0.094,,,,,,,,,,,,,,,,,,,,,,,,,,,,,,,,,,,,,,,
1601A-3H-FFAU,O=c1[nH]c(=O)n(C2OC(CO)C(O)C2F)cc1F,,,,,,,,,,,,,,,,,,,,2.97,,,,,,,,,,,,,,,,,,,,,,,,,,,,,,,,,,,,,,,,,,,,
1602B-18F1a,O=c1[nH]c(=O)n([C@H]2C[C@H](O)[C@@H](CO)O2)cc1CCCF,,,,,,,,,,,,,,,,,,,,0.31,,,,,,,,,,,,,,,,,,,,,,,,,,,,,,,,,,0.12,,,,,,,,,,
1602B-18F1b,O=c1[nH]c(=O)n([C@H]2C[C@H](O)[C@@H](CO)O2)cc1CCCCF,,,,,,,,,,,,,,,,,,,,0.24,,,,,,,,,,,,,,,,,,,,,,,,,,,,,,,,,,0.08,,,,,,,,,,
1602B-18F1c,O=c1[nH]c(=O)n([C@H]2C[C@H](O)[C@@H](CO)O2)cc1CCCCCF,,,,,,,,,,,,,,,,,,,,0.1,,,,,,,,,,,,,,,,,,,,,,,,,,,,,,,,,,0.0,,,,,,,,,,
1602B-18F1d,O=c1[nH]c(=O)n([C@@H]2O[C@H](CO)[C@@H](O)[C@@H]2F)cc1CCCF,,,,,,,,,,,,,,,,,,,,0.15,,,,,,,,,,,,,,,,,,,,,,,,,,,,,,,,,,0.02,,,,,,,,,,
1602B-18F1e,O=c1[nH]c(=O)n([C@@H]2O[C@H](CO)[C@@H](O)[C@@H]2F)cc1CCCCF,,,,,,,,,,,,,,,,,,,,0.11,,,,,,,,,,,,,,,,,,,,,,,,,,,,,,,,,,0.04,,,,,,,,,,
1602B-18F1f,O=c1[nH]c(=O)n([C@@H]2O[C@H](CO)[C@@H](O)[C@@H]2F)cc1CCCCCF,,,,,,,,,,,,,,,,,,,,0.09,,,,,,,,,,,,,,,,,,,,,,,,,,,,,,,,,,0.02,,,,,,,,,,
1602B-I25IFIAUb,O=c1[nH]c(=O)n([C@@H]2O[C@H](CO)[C@@H](O)[C@@H]2F)cc1I,,,,,,,,,,,,,,,,,,,,1,,,,,,,,,,,,,,,,,,,,,,,,,,,,,,,,,,0.09,,,,,,,,,,
1604C-18FFFMZ,CCOC(=O)c1ncn2c1CN(C)C(=O)c1cc(F)ccc1-2,,,,0.48,,,,,0.52,,0.53,,,,0.51,,,,,,,,,,,,,,,,,,,,,,,0.69,,,,,0.52,,0.43,,,,0.41,,,,,,,,,,,,,,,
1604D-18FFMZ,CCOC(=O)c1ncn2c1CN(C)C(=O)c1cc(F)ccc1-2,,,,,,3.7,,,,,3.3,,,,3.3,,,,,,,,,,,,,,,,,,,,,,,,,2.5,,,,,2.2,,,,2.1,,,,,,,,,,,,,,,
1606B-125IFIAU,O=c1[nH]c(=O)n([C@@H]2O[C@H](CO)[C@@H](O)[C@@H]2F)cc1I,,,,,,,,,,,,,,,,,,,,1,,,,,,,,,,,,,,,,,,,,,,,,,,,,,,,,,,0.09,,,,,,,,,,
1606B-18F1a,O=c1[nH]c(=O)n([C@H]2C[C@@H](O)[C@@H](CO)O2)cc1CCCF,,,,,,,,,,,,,,,,,,,,0.31,,,,,,,,,,,,,,,,,,,,,,,,,,,,,,,,,,0.12,,,,,,,,,,
1606B-18F1b,O=c1[nH]c(=O)n([C@H]2C[C@@H](O)[C@@H](CO)O2)cc1CCCCF,,,,,,,,,,,,,,,,,,,,0.24,,,,,,,,,,,,,,,,,,,,,,,,,,,,,,,,,,0.08,,,,,,,,,,
1606B-18F1c,O=c1[nH]c(=O)n([C@H]2C[C@@H](O)[C@@H](CO)O2)cc1CCCCCF,,,,,,,,,,,,,,,,,,,,0.16,,,,,,,,,,,,,,,,,,,,,,,,,,,,,,,,,,0.04,,,,,,,,,,
1606B-18F1d,O=c1[nH]c(=O)n([C@@H]2O[C@H](CO)[C@H](O)C2F)cc1CCCF,,,,,,,,,,,,,,,,,,,,0.15,,,,,,,,,,,,,,,,,,,,,,,,,,,,,,,,,,0.02,,,,,,,,,,
1606B-18F1e,O=c1[nH]c(=O)n([C@@H]2O[C@H](CO)[C@H](O)C2F)cc1CCCCF,,,,,,,,,,,,,,,,,,,,0.11,,,,,,,,,,,,,,,,,,,,,,,,,,,,,,,,,,0.04,,,,,,,,,,
1606B-18F1f,O=c1[nH]c(=O)n([C@@H]2O[C@H](CO)[C@H](O)C2F)cc1CCCCCF,,,,,,,,,,,,,,,,,,,,0.09,,,,,,,,,,,,,,,,,,,,,,,,,,,,,,,,,,0.02,,,,,,,,,,
1610-18FFHBG,Nc1nc2c(ncn2CCC(CO)CF)c(=O)[nH]1,,,,,,,,,,,,,,,0.034,,,,,,,,,,,,,,,,,,,,,,,,,,,,,,,,,,0.003,,,,,,,,,,,,,,,
1610-18FFHOMP,Cc1c(COC(CO)CF)[nH]c(=O)[nH]c1=O,,,,,,,,,,,,,,,0.16,,,,,,,,,,,,,,,,,,,,,,,,,,,,,,,,,,0.099,,,,,,,,,,,,,,,
1613-18F-FEAU,CCc1cn(C2OC(CO)C(O)C2F)c(=O)[nH]c1=O,,,,,,,,,3.07,,2.03,,,,0.98,,,,,0.34,,,,,,,,,,,,,,,,,,,,,,,,,,,,,,,,,,,,,,,,,,,,
1613-18F-FIAC,NC1NC(=O)N(C2OC(CO)C(O)C2F)C=C1I,,,,,,,,,5.4,,5.16,,,,4.12,,,,,2.71,,,,,,,,,,,,,,,,,,,,,,,,,,,,,,,,,,,,,,,,,,,,
1613-18F-FIAU,O=c1[nH]c(=O)n(C2OC(CO)C(O)C2F)cc1I,,,,,,,,,6.13,,5.6,,,,4.22,,,,,2.53,,,,,,,,,,,,,,,,,,,,,,,,,,,,,,,,,,,,,,,,,,,,
1614-18F3,O=C1/C(=C/c2ccc(OCCF)cc2)Oc2ccc(I)cc21,,,5.72,,,2.84,,,,,2.68,,,,2.61,,,,,,,,,,,,,,,,,,,,,,3.66,,,2.37,,,,,1.77,,,,1.75,,,,,,,,,,,,,,,
1620A-18F-ﬂuoroisonicotinic,O=C1/C(=C/c2ccc(OCCF)cc2)Oc2ccc(I)cc21,,,,6.04,,,,,,,0.32,,,,0.31,,,,,,,,,,,,,,,,,,,,,,,1.79,,,,,,,0.22,,,,0.18,,,,,,,,,,,,,,,
1620B-2-18F,NNC(=O)c1ccnc(F)c1,,,,,,,,,,,1.55,,,,0.45,,,,,0.12,,,,,,,,,,,,,,,,,,,,,,,,,,,,,,,,,,,,,,,,,,,,
1624-18F3,Nc1nc2ncc(CNc3ccc(C(=O)NC(CCC(=O)NC(Cc4cn(C5OC(CO)C(O)C(O)C5F)nn4)C(=O)O)C(=O)O)cc3)nc2c(=O)[nH]1,,,,,,,,,,,0.94,,,,0.44,,,0.25,,,,,,,,,,,,,,,,,,,,,,,,,,,0.38,,,,0.59,,,0.45,,,,,,,,,,,,
1629-18F1,Nc1nc(=O)c2ncc(CNc3ccc(C(=O)NC(CCC(=O)NNC(=O)c4ccc(F)cc4)C(=O)O)cc3)nc2[nH]1,,,,,,4.41,,,,,,,,,2.55,,,,,1.13,,,,,,,,,,,,,,,,,,,,,,,,,,,,,,,,,,,,,,,,,,,,
1629-18F2,Nc1nc(=O)c2ncc(CNc3ccc(C(=O)NC(CCC(=O)NNC(=O)c4cccc(F)c4)C(=O)O)cc3)nc2[nH]1,,,,,,1.22,,,,,,,,,0.1,,,,,0.04,,,,,,,,,,,,,,,,,,,,,,,,,,,,,,,,,,,,,,,,,,,,
1629-18F8,CN(Cc1cnc2nc(N)nc(N)c2n1)c1ccc(C(=O)NC(CCC(=O)NNC(=O)c2ccc(F)cc2)C(=O)O)cc1,,,,,,5.64,,,,,,,,,1.9,,,,,1.08,,,,,,,,,,,,,,,,,,,,,,,,,,,,,,,,,,,,,,,,,,,,
1629-18F9,CN(Cc1cnc2nc(N)nc(N)c2n1)c1ccc(C(=O)NC(CCC(=O)NNC(=O)c2ccnc(F)c2)C(=O)O)cc1,,,,,,3.46,,,,,,,,,3.24,,,,,1.51,,,,,,,,,,,,,,,,,,,,,,,,,,,,,,,,,,,,,,,,,,,,
1631A-R-18F Fluorocarazol,CC(CF)NC[C@H](O)COc1cccc2[nH]c3ccccc3c12,,,,,,0.57,,,,0.75,,0.63,,,0.42,,,0.43,,0.24,,,0.17,,,,,,,,,,,,,,,,,0.82,,,,0.66,,0.73,,,0.37,,,0.35,,0.2,,,0.08,,,,,,,
1631A-S-18F Fluorocarazol,O[C@H](CNCCF)COc1cccc2[nH]c3ccccc3c12,,,,,,0.56,,,,0.71,,0.69,,,0.6,,,0.66,,0.52,,,0.43,,,,,,,,,,,,,,,,,1.18,,,,0.95,,1.09,,,0.81,,,0.8,,0.64,,,0.67,,,,,,,
1632B-18Fclofilium,CC[N+](CC)(CCCCCCCF)CCCCc1ccc(Cl)cc1,,,,,,,,,0.22,,,,,,0.05,,,,,,,,,,,,,,,,,,,,,,,,,,,,0.03,,,,,,0.02,,,,,,,,,,,,,,,
1633A-18F-FETA,O=C(Cn1ccnc1[N+](=O)[O-])NCCF,,,,,,,,,,,,,,,,,,,,,,,,,,,,,,,,,,,,,,,,,,,,,,,,,,,,,,0.86,,,,,1.07,,,,,
1633A-18F-FMISO,O=[N+]([O-])c1nccn1CC(O)CF,,,,,,,,,,,,,,,,,,,,,,,,,,,,,,,,,,,,,,,,,,,,,,,,,,,,,,0.88,,,,,0.63,,,,,
1634B-15a,COc1c(Cl)cc(Cl)c(O)c1C(=O)NC[C@@H]1CCCN1CCF,,,,0.16,,,,,,,0.07,,,,,,,,,,,,,,,,,,,,,,,,,,,0.52,,,,,,,0.06,,,,,,,,,,,,,,,,,,,
1634B-15b,COc1c(Cl)cc(Cl)c(O)c1C(=O)NC[C@@H]1CCCN1CCCF,,,,0.26,,,,,,,0.1,,,,0.05,,,,,,,,,,,,,,,,,,,,,,,1.16,,,,,,,0.11,,,,0.04,,,,,,,,,,,,,,,
1634B-15c,COc1c(Cl)cc(Cl)c(O)c1C(=O)NC[C@@H]1CCCN1CCCCF,,,,0.21,,,,,,,0.09,,,,0.06,,,,,,,,,,,,,,,,,,,,,,,0.71,,,,,,,0.1,,,,0.06,,,,,,,,,,,,,,,
1639-18F6,CCC(=O)N(c1ccccc1)C1CCN(CC(O)c2ccc(F)cc2)CC1,,,,2.3,,,,,,,,,,,0.5,,,,,0.14,,,,,,,,,,,,,,,,,,3.3,,,,,,,,,,,0.23,,,,,0.07,,,,,,,,,,
1640-11CCaf,CCC(=O)N(c1ccccc1)C1(C(=O)OC)CCN(CCc2ccccc2)CC1,,,,,,,,,,,,,,,,,,,,,,,,,,,,,,,,,,,,,,3.78,,,,,,2.42,,,,,1.41,,,,,,,,,,,,,,,
1640-18F1,CCC(=O)N(c1ccccc1)C1(C(=O)OCF)CCN(CCc2ccccc2)CC1,,,,,,,,,,,,,,,,,,,,,,,,,,,,,,,,,,,,,,3.69,,,,,,1.27,,,,,0.33,,,,,,,,,,,,,,,
1640-18F2,CCC(=O)N(c1ccccc1)C1(C(=O)OCCF)CCN(CCc2ccccc2)CC1,,,,,,,,,,,,,,,,,,,,,,,,,,,,,,,,,,,,,,3.72,,,,,,1.63,,,,,1.11,,,,,,,,,,,,,,,
1640-18F3,CCC(=O)N(c1ccccc1)C1CCN(CCCCCF)CC1,,,,,,,,,,,,,,,,,,,,,,,,,,,,,,,,,,,,,,2.83,,,,,,1.58,,,,,0.95,,,,,,,,,,,,,,,
1640-18F4,CCC(=O)N(c1ccccc1)C1(C(=O)OC)CCN(CCCCCF)CC1,,,,,,,,,,,,,,,,,,,,,,,,,,,,,,,,,,,,,,3.31,,,,,,2.11,,,,,1.27,,,,,,,,,,,,,,,
1640-18F5,CC(F)C(=O)N(c1ccccc1)C1CCN(CCc2ccccc2)CC1,,,,,,,,,,,,,,,,,,,,,,,,,,,,,,,,,,,,,,3.31,,,,,,1.9,,,,,1.07,,,,,,,,,,,,,,,
1640-18F6,COCC1(N(C(=O)C(C)F)c2ccccc2)CCN(CCc2cccs2)CC1,,,,,,,,,,,,,,,,,,,,,,,,,,,,,,,,,,,,,,4.48,,,,,,2.38,,,,,1.38,,,,,,,,,,,,,,,
1641-18F9a,N[C@](CF)(Cc1ccccc1)C(=O)O,,,,4.53,,,,,,,1.21,,,,0.28,,,,,,,,,,,,,,,,,,,,,,,0.33,,,,,,,0.25,,,,0.09,,,,,,,,,,,,,,,
1641-18F9b,N[C@@](CF)(Cc1ccccc1)C(=O)O,,,,4.06,,,,,,,0.44,,,,0.15,,,,,,,,,,,,,,,,,,,,,,,0.24,,,,,,,0.08,,,,0.04,,,,,,,,,,,,,,,
1643-R-Fluoropropranolol,CC(CF)NC[C@@H](O)COc1cccc2ccccc12,,,,0.33,,,,,,,0.26,,,,0.14,,,,,,,,,,,,,,,,,,,,,,,1.26,,,,,,,0.56,,,,0.18,,,,,,,,,,,,,,,
1643-S-Fluoropropranolol,CC(CF)NC[C@H](O)COc1cccc2ccccc12,,,,0.2,,,,,,,0.21,,,,0.15,,,,,,,,,,,,,,,,,,,,,,,1.5,,,,,,,1.07,,,,0.503,,,,,,,,,,,,,,,
1650D-18F-BMS-747158-02,CC(C)(C)n1ncc(OCc2ccc(COCCF)cc2)c(Cl)c1=O,,,,,,0.12,,,,,,,,,0.15,,,,,,,,,,,,,,,,,,,,,,,,,1.07,,,,,,,,,0.58,,,,,,,,,,,,,,,
1653-L-18F-FMA,N[C@H](CCF)C(=O)O,,,0.76,,,,,,,,0.39,,,,0.2,,,,,0.09,,,,,,,,,,,,,,,,,0.12,,,,,,,,0.14,,,,0.13,,,,,0.12,,,,,,,,,,
1655A-anti-18F-FMACBC,N[C@]1(C(=O)O)C[C@@H](CF)C1,,,,0.57,,,,,,,0.39,,,,0.33,,,,,0.31,,,,,,,,,,,,,,,,,,0.18,,,,,,,0.24,,,,0.25,,,,,0.25,,,,,,,,,,
1655A-syn-18F-FMACBC,N[C@]1(C(=O)O)C[C@H](CF)C1,,,,0.53,,,,,,,0.33,,,,0.32,,,,,0.3,,,,,,,,,,,,,,,,,,0.26,,,,,,,0.24,,,,0.22,,,,,0.21,,,,,,,,,,
1655C-R-18F-AFETP,N[C@H](Cc1cn(CCF)nn1)C(=O)O,,,,,,,,,,,,,,,0.14,,,,,,,,,,,,,,,,,,,,,,,,,,,,,,,,,,0.02,,,,,,,,,,,,,,,
1655C-S-18F-AFETP,N[C@@H](Cc1cn(CCF)nn1)C(=O)O,,,,,,,,,,,,,,,0.23,,,,,,,,,,,,,,,,,,,,,,,,,,,,,,,,,,0.05,,,,,,,,,,,,,,,
1656-18F-FBMHA,CCCCCCCCCC(F)CCCC1CC1CC(=O)O,,,,1.02,,,,,,,,,,,0.58,,,,,,,,,,,,,,,,,,,,,,,0.25,,,,,,,,,,,0.27,,,,,,,,,,,,,,,
1656-18F-FCPHA,CCCCCCCCC(F)CCCCC1CC1CC(=O)O,,,,0.06,,,,,,,,,,,0.08,,,,,,,,,,,,,,,,,,,,,,,0.06,,,,,,,,,,,0.05,,,,,,,,,,,,,,,
1662-18F3e,CN(C)c1ccc(/C=C/c2ccc(OCC(CO)CF)cc2)cc1,,,1.79,,,,,,,,1.65,,,,1.51,,,,,1.18,,,,,,,,,,,,,,,,,5.55,,,,,,,,5.21,,,,2.97,,,,,1.37,,,,,,,,,,
1662-18F4e,CNc1ccc(/C=C/c2ccc(OCC(CO)CF)cc2)cc1,,,2.6,,,,,,,,2.47,,,,1.82,,,,,0.78,,,,,,,,,,,,,,,,,9.75,,,,,,,,1.7,,,,0.72,,,,,0.31,,,,,,,,,,
1663A-F18-a-Methyl Tyrosine,CC([NH3+])(Cc1ccc(F)cc1)C(=O)O,,,,6.54,,,,,,,1.79,,,,1.05,,,,,0.73,,,,,,,,,,,,,,,,,,1.48,,,,,,,1.21,,,,1.08,,,,,0.83,,,,,,,,,,
1667-18FFDG,OCC1CC(O)C(F)C(O)C1O,,,,1.09,,,,,0.46,,0.16,,,,0.11,,,,,0.11,,,,,,,,,,,,,,,,,,2.4,,,,,2.63,,3.07,,,,2.11,,,,,1.28,,,,,,,,,,
1667-18FFNBMBA,CC(C)[C@H](NC(=O)c1ccc([N+](=O)[O-])cc1F)C(=O)O,,,,2.43,,,,,1.27,,0.24,,,,0.15,,,,,0.06,,,,,,,,,,,,,,,,,,0.15,,,,,0.09,,0.04,,,,0.03,,,,,0.01,,,,,,,,,,
1667-18FMFNBMB,COC(=O)[C@@H](NC(=O)c1ccc([N+](=O)[O-])cc1F)C(C)C,,,,3.09,,,,,2.18,,0.68,,,,0.28,,,,,0.19,,,,,,,,,,,,,,,,,,0.99,,,,,0.6,,0.28,,,,0.17,,,,,0.12,,,,,,,,,,
1667-L-18FFET,NC(Cc1ccc(OCCF)cc1)C(=O)O,,,,6.81,,,,,3.3,,3.23,,,,2.51,,,,,1.12,,,,,,,,,,,,,,,,,,0.99,,,,,1.03,,1.29,,,,0.94,,,,,0.73,,,,,,,,,,
1670-18FON,O=[N+]([O-])c1nccn1CCCCCCCCF,,,,0.346,,,,,0.351,,0.267,,,,0.191,,,,,,,,,,,,,,,,,,,,,,,0.433,,,,,0.307,,0.19,,,,0.128,,,,,,,,,,,,,,,
1670-18FPN,O=[N+]([O-])c1nccn1CCCF,,,,0.463,,,,,0.361,,0.306,,,,0.152,,,,,,,,,,,,,,,,,,,,,,,0.48,,,,,0.343,,0.264,,,,0.087,,,,,,,,,,,,,,,
1670-FMISO,O=[N+]([O-])c1nccn1CC(O)CF,,,,0.373,,,,,0.403,,0.45,,,,0.379,,,,,,,,,,,,,,,,,,,,,,,0.127,,,,,0.235,,0.39,,,,0.37,,,,,,,,,,,,,,,
1671-18FFOP,O=C(O)COCCCCCCCCCCCCF,,,,,,,,,0.059,,0.088,,,,0.072,,,,,,,,,,,,,,,,,,,,,,,,,,,,0.011,,0.014,,,,0.013,,,,,,,,,,,,,,,
1674A-125I6,COc1cc(/C=C/C(=O)/C=C(/C)O)cc(I)c1O,,,17.92,,,,,,,,2.05,,,,0.87,,,,,0.64,,,,,,,,,,,,,,,,,0.69,,,,,,,,0.11,,,,0.05,,,,,0.02,,,,,,,,,,
1674A-18F8,COc1cc(/C=C/C(O)=C/C(=O)/C=C/c2ccc(OCCCF)c(OC)c2)ccc1O,,,7.34,,,,,,,,1.24,,,,0.61,,,,,,,,,,,,,,,,,,,,,,0.52,,,,,,,,0.11,,,,0.11,,,,,,,,,,,,,,,
1675A-18F6a,COc1cc2c(cc1OCCF)CCN1CC(CC(C)C)C(O)CC21,,,2.68,,,,,,2.05,,2.27,,,,1.75,,,,,1.38,,,,,,,,,,,,,,,,,4.66,,,,,,2.1,,2.09,,,,1.51,,,,,1.13,,,,,,,,,,
1675A-18F6b,COc1cc2c(cc1OCCCF)CCN1CC(CC(C)C)C(O)CC21,,,2.6,,,,,,1.75,,1.92,,,,1.04,,,,,0.56,,,,,,,,,,,,,,,,,7.08,,,,,,2.01,,1.76,,,,0.91,,,,,0.53,,,,,,,,,,
1680A-18F-FPC,O=C(C1CCCCC1)N(CCN1CCN(c2ccccc2OCCCF)CC1)c1ccccn1,,,,0.35,,,,,,,0.15,,,,0.09,,,,,0.03,,,,,,,,,,,,,,,,,,0.4,,,,,,,0.22,,,,0.13,,,,,0.05,,,,,,,,,,
1683-18F-FPDA,CCN(CC)CCNC(=O)C(C)F,,,,,,,,,,,,,,,0.53,,,,,0.12,,,,,,,,,,,,,,,,,,,,,,,,,,,,,1.87,,,,,0.36,,,,,,,,,,
1686A-18F17,CN(C)c1ccc(-c2cc3cc(OCCOCCOCCF)ccc3o2)cc1,,,1.64,,,2.48,,,,,2.68,,,,3.41,,,,,,,,,,,,,,,,,,,,,,2.88,,,5.66,,,,,3.14,,,,2.8,,,,,,,,,,,,,,,
1696B-FPP,N[C@@H](Cc1ccc(CCCF)cc1)C(=O)O,,,,0.5,,,,,,,0.27,,,,0.14,,,,,0.09,,,,,0.06,,,0.05,,,,,,,,,,,,,,,,,,,,,,,,,,,,,,,,,,,,
1697A-18F2,N[C@@H](Cc1ccc(CCF)cc1)C(=O)O,,,,,,,,,,,0.73,,,,0.65,,,,,,,,,,,,,,,,,,,,,,,,,,,,,,0.53,,,,0.52,,,,,,,,,,,,,,,
1698-18F5FPPDB,CN(C)c1ccc(/N=N/c2nc3ccc(OCCOCCOF)cc3s2)cc1,,,3.04,,,1.83,,,,,2.19,,,,2.68,,,,,,,,,,,,,,,,,,,,,,4.28,,,4.26,,,,,3.47,,,,2.53,,,,,,,,,,,,,,,
1699-18FFPPT,Oc1ccc(-c2nn(-c3ccc(O)cc3)c(-c3ccc(O)cc3)c2CCCF)cc1,,,,,,,,,,,,,,,0.15,,,,,,,,0.07,,,,,,,,,,,,,,,,,,,,,,,,,,,,,,,,,,,,,,,,,
1703A-18F1,N#Cc1ccc(OCC2CCN(CCCF)CC2)cc1,,,,,,,,,0.35,,,,,,0.26,,,,,0.11,,,,,0.09,,,,,,,,,,,,,,,,,,17.07,,,,,,12.44,,,,,9.45,,,,,5.69,,,,,
1706-18F9,CC1(CCCF)OC(=S)Nc2ccc(-c3ccc(C#N)[nH]3)cc21,,,,,,,,,,,,,,,0.49,,,,,,,,0.16,,,,,,,,,,,,,,,,,,,,,,,,,,,,,,,,,,,,,,,,,
1709A-18F5,CN(C)c1ccc(-c2cc3cc(OCCOCCOCCF)ccc3o2)cn1,,,2.83,,,2.13,,,,,1.76,,,,1.98,,,,,,,,,,,,,,,,,,,,,,5.16,,,3.75,,,,,2.78,,,,2.44,,,,,,,,,,,,,,,
1710-18F-FPHBF-1,CN(C)c1ccc(-c2cc3cc(OCCOCCOCCF)ccc3o2)cc1,,,1.64,,,2.48,,,,,2.68,,,,3.41,,,,,,,,,,,,,,,,,,,,,,2.88,,,5.66,,,,,3.14,,,,2.8,,,,,,,,,,,,,,,
1710-18F-FPYBF-1,CN(C)c1ccc(-c2cc3cc(OCCOCCOCCF)ccc3o2)cn1,,,2.83,,,2.13,,,,,1.76,,,,1.98,,,,,,,,,,,,,,,,,,,,,,5.16,,,3.75,,,,,2.78,,,,2.44,,,,,,,,,,,,,,,
1710-18F10,CNc1ccc(-c2cc3cc(OCCOCCOCCF)ccc3o2)cc1,,,1.64,,,2.48,,,,,2.68,,,,3.41,,,,,,,,,,,,,,,,,,,,,,2.88,,,5.66,,,,,3.14,,,,2.8,,,,,,,,,,,,,,,
1710-18F21,CNc1ccc(-c2cc3cc(OCCOCCOCCF)ccc3o2)cc1,,,1.64,,,2.48,,,,,2.68,,,,3.41,,,,,,,,,,,,,,,,,,,,,,2.88,,,5.66,,,,,3.14,,,,2.8,,,,,,,,,,,,,,,
1713A-18F-FRB-D4,[2H]C([2H])(F)C([2H])([2H])Oc1ccccc1OC(c1ccccc1)C1CNCCO1,,,,,,1.08,,,,,0.92,,,,0.35,,,,,0.22,,,,,,,,,,,,,,,,,,,,0.46,,,,,0.47,,,,0.27,,,,,0.13,,,,,,,,,,
1713A-18F-FRB,FCCOc1ccccc1OC(c1ccccc1)C1CNCCO1,,,,,,1.31,,,,,1.12,,,,0.59,,,,,0.44,,,,,,,,,,,,,,,,,,,,0.59,,,,,0.42,,,,0.26,,,,,0.16,,,,,,,,,,
1719-18F-FTMA,C[N+](C)(C)c1ccc(F)cc1,,,,0.6,,,,,,0.25,,,,,0.11,,,,,,,,,,,,,,,,,,,,,,,0.03,,,,,,0.02,,,,,0.01,,,,,,,,,,,,,,,
1721A-18F-FTO,O=C(O)CCSCCCC/C=C\CCCCCCF,,,,,,,,,,,0.0442,,,,,,,,,0.00185,,,,,,,,,,,,,,,,,,,,,,,,,0.0207,,,,,,,,,0.0215,,,,,,,,,,
1721A-18F-FTP,O=C(O)CCSCCCCCCCCCCCCF,,,,,,,,,,,0.07,,,,,,,,,0.0106,,,,,,,,,,,,,,,,,,,,,,,,,0.067,,,,,,,,,0.0155,,,,,,,,,,
1721B-18F-2,O=C(O)CCSCCCCCCCCCCCCF,,,,,,,,,,,0.07,,,,,,,,,0.0105,,,,,,,,,,,,,,,,,,,,,,,,,0.067,,,,,,,,,0.0154,,,,,,,,,,
1721B-18F-3,O=C(O)CCSCCCC/C=C\CCCCCCCCF,,,,,,,,,,,0.0441,,,,,,,,,0.0185,,,,,,,,,,,,,,,,,,,,,,,,,0.0206,,,,,,,,,0.0215,,,,,,,,,,
1721B-18F-4,O=C(O)CCSCCCCCCCCCCCCCCF,,,,,,,,,,,0.0392,,,,,,,,,0.0098,,,,,,,,,,,,,,,,,,,,,,,,,0.02,,,,,,,,,0.0143,,,,,,,,,,
1721B-18F-5,O=C(O)CCCCSCCCCCCCCCCCCF,,,,,,,,,,,0.029,,,,,,,,,0.0241,,,,,,,,,,,,,,,,,,,,,,,,,0.033,,,,,,,,,0.022,,,,,,,,,,
1727B-18F-GBR13119,Fc1ccc(C(OCCN2CCN(CCCc3ccccc3)CC2)c2ccccc2)cc1,,,,,,,,,,,,,,,,,,,,,,,,,,,,,,,,,,,,,,0.548,,,,,0.443,,0.392,,,,0.239,,,0.201,,0.146,,,,,,,,,,
1736D-LMI1195,N=C(N)NCc1ccc(OCCCF)c(Br)c1,,,,,,,,,0.15_x0001_,,,,,,0.11_x0001_,,,,,0.11_x0001_,,,,,,,,,,,,,,,,,,,,,,,,,,,,,,,,,,,,,,,,,,,,
1738B-18FMaxiPostTM,COc1ccc(Cl)cc1[C@]1(F)C(=O)Nc2cc(C(F)(F)F)ccc21,,,,,,,,,0.176,,0.138,,,,0.082,,,,,,,,,,,,,,,,,,,,,,,,,,,,0.51,,0.345,,,,0.204,,,,,,,,,,,,,,,
1741C-18F-MEM,CC12CC3CC(N)(C1)CC(CF)(C3)C2,,,,1.04,,,,,0.84,,0.74,,,,0.58,,,,,0.11,,,,,0.1,,,,,,,,,,,,,2.5,,,,,2.96,,3.76,,,,3.67,,,,,1.02,,,,,0.58,,,,,
1743-MFBG,N=C(N)NCc1cccc(F)c1,,,,,,,,,,,,,,,0.6,,,,,,,,,,0.4,,,,,,,,,,,,,,,,,,,,,,,,0.2,,,,,,,,,,0.1,,,,,
1743-PFBG,Cc1ccc(CNC(=N)N)cc1,,,,,,,,,,,,,,,1,,,,,,,,,,0.5,,,,,,,,,,,,,,,,,,,,,,,,1.1,,,,,,,,,,0.2,,,,,
1744A-18F1,COC1C[C@@]2(C)C(C[C@@H](F)[C@@H]2O)C2CCc3cc(O)ccc3C12,,,,,,,,,,,,,,,0.127,,,,,,,,0.086,,,,,,,,,,,,,,,,,,,,,,,,,,,,,,,,,,,,,,,,,
1744A-18F2,CCC1C[C@@]2(C)C(C[C@@H](F)[C@@H]2O)C2CCc3cc(O)ccc3C12,,,,,,,,,,,,,,,1.09,,,,,,,,0.844,,,,,,,,,,,,,,,,,,,,,,,,,,,,,,,,,,,,,,,,,
1744A-18F3,C#C[C@]1(O)[C@H](F)CC2C3CCc4cc(O)ccc4C3CC[C@@]21C,,,,,,,,,,,,,,,0.087,,,,,,,,0.128,,,,,,,,,,,,,,,,,,,,,,,,,,,,,,,,,,,,,,,,,
1744B-18F7a,CO[C@H]1C[C@@]2(C)C(C[C@H](F)[C@@H]2O)C2CCc3cc(O)ccc3C21,,,,,,,,,,,,,,,0.148,,,,,,,,0.117,,,,,,,,,,,,,,,,,,,,,,,,,,,,,,,,,,,,,,,,,
1744B-18F7b,CO[C@H]1C[C@@]2(C)C(C[C@H](F)[C@@H]2O)C2CCc3cc(O)ccc3C21,,,,,,,,,,,,,,,0.108,,,,,,,,0.084,,,,,,,,,,,,,,,,,,,,,,,,,,,,,,,,,,,,,,,,,
1744B-18F7c,CC[C@H]1C[C@@]2(C)C(C[C@H](F)[C@@H]2O)C2CCc3cc(O)ccc3C21,,,,,,,,,,,,,,,0.949,,,,,,,,0.534,,,,,,,,,,,,,,,,,,,,,,,,,,,,,,,,,,,,,,,,,
1744B-18F8a,C#C[C@]1(O)[C@@H](F)CC2C3CCc4cc(O)ccc4C3[C@@H](OC)C[C@@]21C,,,,,,,,,,,,,,,0.284,,,,,,,,0.101,,,,,,,,,,,,,,,,,,,,,,,,,,,,,,,,,,,,,,,,,
1744B-18F8b,C#C[C@]1(O)[C@@H](F)CC2C3CCc4cc(O)ccc4C3[C@@H](OC)C[C@@]21C,,,,,,,,,,,,,,,0.264,,,,,,,,0.144,,,,,,,,,,,,,,,,,,,,,,,,,,,,,,,,,,,,,,,,,
1744B-18F8c,C#C[C@]1(O)[C@@H](F)CC2C3CCc4cc(O)ccc4C3CC[C@@]21C,,,,,,,,,,,,,,,0.449,,,,,,,,0.358,,,,,,,,,,,,,,,,,,,,,,,,,,,,,,,,,,,,,,,,,
1744C-18F1,NC(Cc1ccc(O)c(CCF)c1)C(=O)O,,,,,,0.34,,,,,0.13,,,,0.06,,,,,0.08,,,,,,,,,,,,,,,,,,,,0.08,,,,,0.05,,,,0.04,,,,,0.03,,,,,,,,,,
1744C-18F2,NC(Cc1ccc(O)c(CCCF)c1)C(=O)O,,,,,,1.05,,,,,0.81,,,,0.64,,,,,0.5,,,,,,,,,,,,,,,,,,,,0.21,,,,,0.32,,,,0.35,,,,,0.22,,,,,,,,,,
1744C-18F3,COc1ccc(CC(N)C(=O)O)cc1CCF,,,,,,0.45,,,,,0.41,,,,0.25,,,,,0.29,,,,,,,,,,,,,,,,,,,,0.32,,,,,0.34,,,,0.39,,,,,0.57,,,,,,,,,,
1744C-18F4,COc1ccc(CC(N)C(=O)O)cc1CCCF,,,,,,0.76,,,,,0.32,,,,0.24,,,,,0.12,,,,,,,,,,,,,,,,,,,,0.38,,,,,0.26,,,,0.19,,,,,0.08,,,,,,,,,,
1746-18F1,CC(C)[C@H](NC(=O)c1ccc([N+](=O)[O-])cc1F)C(=O)O,,,,3.09,,,,,2.18,,0.68,,,,0.28,,,,,0.19,,,,,,,,,,,,,,,,,,0.99,,,,,0.6,,0.28,,,,0.17,,,,,0.12,,,,,,,,,,
1746-18F2,CC(C)[C@H](NC(=O)c1ccc([N+](=O)[O-])cc1F)C(=O)O,,,,2.43,,,,,1.27,,0.24,,,,0.15,,,,,0.06,,,,,,,,,,,,,,,,,,0.15,,,,,0.09,,0.04,,,,0.03,,,,,0.01,,,,,,,,,,
1749B-18FMHMZ,COc1c(OCF)cccc1C(O)C1CCN(CCc2ccc(F)cc2)CC1,,,,2.39,,,,,1.37,,0.69,,,,0.33,,,,,,,,,,,,,,,,,,,,,,,0.48,,,,,0.17,,0.08,,,,0.08,,,,,,,,,,,,,,,
1750-11C4F-MHPG,N=C(N)NCCc1ccc(F)c(O)c1,,,,,,,,,,,0.08,,,,,,,,,,,,,,,,,,,,,,,,,,,,,,,,,,,,,,,,,,,,,,,,,,,,,
1750-11CHED,CN[C@@H](C)[C@H](O)c1cccc(O)c1,,,,,,,,,,,0.08,,,,,,,,,,,,,,,,,,,,,,,,,,,,,,,,,,,,,,,,,,,,,,,,,,,,,
1750-123IMIBG,N=C(N)NCc1cccc(I)c1,,,,,,,,,,,0.1,,,,,,,,,,,,,,,,,,,,,,,,,,,,,,,,,,,,,,,,,,,,,,,,,,,,,
1750-18F4F-MHPG,N=C(N)NCCc1ccc(F)c(O)c1,,,,,,,,,,,0.07,,,,,,,,,,,,,,,,,,,,,,,,,,,,,,,,,,,,,,,,,,,,,,,,,,,,,
1754-18F-1,COc1cc2ncnc(Nc3ccc(F)cc3)c2cc1OC,,,,,,,,,,,1.89,,,,0.79,,,,,,,,,,,,,,,,,,,,,,,,,,,,,,0.21,,,,0.14,,,,,,,,,,,,,,,
1754-18F-4,COc1cc2ncnc(Nc3cc(Cl)c(Cl)cc3F)c2cc1OC,,,,3.44,,4.34,,,,,,,,,4.83,,,,,,,,,,,,,,,,,,,,,,,4.37,,4.05,,,,,,,,,2.02,,,,,,,,,,,,,,,
1759B-18F-FMISO,COCC(O)Cn1ccnc1[N+](=O)[O-],,,,,,,,,,,3.6,,,,,,,,,,,,,,,,,,,,,,,,,,,,,,,,,,2.6,,,,,,,,,,,,,,,,,,,
1759B-18F-NEFA,O=C(CF)NCCn1ccnc1[N+](=O)[O-],,,,,,,,,,,1.61,,,,,,,,,,,,,,,,,,,,,,,,,,,,,,,,,,0.99,,,,,,,,,,,,,,,,,,,
1759B-18F-NEFT,O=C(CF)OCCn1ccnc1[N+](=O)[O-],,,,,,,,,,,2.5,,,,,,,,,,,,,,,,,,,,,,,,,,,,,,,,,,1.24,,,,,,,,,,,,,,,,,,,
1766-18FFHBG,Nc1nc2c(ncn2CCC(CO)CF)c(=O)[nH]1,,,,,,,,,,,,,,,,,,,,0.01,,,,,,,,,,,,,,,,,,,,,,,,,,,,,,,,,,0.001,,,,,,,,,,
1766-M-Me-FHBT,Cc1c(CC(CO)CF)n(C)c(=O)[nH]c1=O,,,,,,,,,,,,,,,,,,0.14,,,,,,,,,,,,,,,,,,,,,,,,,,,,,,,,,,0.029,,,,,,,,,,,,
1768C-Methylspiroperidol,CN1CN(c2ccccc2)C2(CCN(CCCC(=O)c3ccc(F)cc3)CC2)C1=O,,,,1.2,,,,,,,,,,,0.45,,,,,0.19,,,,,,,,,,,,,,,,,,2.3,,,,,,,,,,,2.5,,,,,1.3,,,,,,,,,,
1771-18F1,Cc1c(C(=O)NN2CCCCC2)nn(-c2ccc(Cl)cc2Cl)c1-c1ccc(CCCCCF)cc1,,,,3.96,,,,,2.72,,1.45,,,,0.68,,,,,0.39,,,,,,,,,,,,,,,,,,0.26,,,,,0.3,,0.31,,,,0.3,,,,,0.26,,,,,,,,,,
1772-18F1,NC(Cc1ccc(O)c(CCF)c1)C(=O)O,,,,,,0.34,,,,,0.13,,,,0.06,,,,,0.08,,,,,,,,,,,,,,,,,,,,0.08,,,,,0.05,,,,0.04,,,,,0.03,,,,,,,,,,
1772-18F2,NC(Cc1ccc(O)c(CCCF)c1)C(=O)O,,,,,,1.05,,,,,0.81,,,,0.64,,,,,0.5,,,,,,,,,,,,,,,,,,,,0.21,,,,,0.32,,,,0.35,,,,,0.22,,,,,,,,,,
1772-18F3,COc1ccc(CC(N)C(=O)O)cc1CCF,,,,,,0.45,,,,,0.41,,,,0.25,,,,,0.29,,,,,,,,,,,,,,,,,,,,0.32,,,,,0.34,,,,0.39,,,,,0.57,,,,,,,,,,
1772-18F4,COc1ccc(CC(N)C(=O)O)cc1CCCF,,,,,,0.76,,,,,0.32,,,,0.24,,,,,0.12,,,,,,,,,,,,,,,,,,,,0.38,,,,,0.26,,,,0.19,,,,,0.08,,,,,,,,,,
1775-18F12,CCN(CC)C(=O)Cc1c(-c2ccc(OCCCF)cc2)nc2ccc(Cl)cn12,,,,,,,,,,,,,,,,,,,,,,,,,,,,,,,,,,,,,,,,,,,,,,,,,,,,,,,,,,,,,,,,
1775-18F15,CCN(CC)C(=O)Cc1c(-c2ccc(OCCF)cc2)nn2c(C)cc(C)nc12,,,,,,,,,,,,,,,,,,,,,,,,,,,,,,,,,,,,,,,,,,,,,,,,,,,,,,,,,,,,,,,,
1775-18F18,CCN(CC)C(=O)Cc1c(-c2ccc(OCCCF)cc2)nn2c(C)cc(C)nc12,,,,,,,,,,,,,,,,,,,,,,,,,,,,,,,,,,,,,,,,,,,,,,,,,,,,,,,,,,,,,,,,
1775-18F8,CCN(CC)C(=O)Cc1c(-c2ccc(OCCF)cc2)nc2ccc(Cl)cn12,,,,,,,,,,,,,,,,,,,,,,,,,,,,,,,,,,,,,,,,,,,,,,,,,,,,,,,,,,,,,,,,
1783-18F-PFH,O=C(O)CNC(=O)c1ccc(F)cc1,,,,,,3.54,,,,,,,,,0.31,,,,,,,,,,,,,,,,,,,,,,,,,,,,,,,,,,,,,,,,,,,,,,,,,
1795-18F1a,O=C(Nc1ccc2[nH]c(=O)oc2c1)C(=O)N1CCC(Cc2ccc(F)cc2)CC1,,,,,,,,,,,,,,,,,,,,,,,,,,,,,,,,,,,,,,,,,,,,,,,,,,,,,,0.054,,,,,,,,,,
1795-18F2a,Oc1ccc2[nH]c(CN3CCC(Cc4ccc(F)cc4)CC3)nc2c1,,,,,,,,,,,,,,,,,,,,,,,,,,,,,,,,,,,,,,,,,,,,,,,,,,,,,,0.035,,,,,,,,,,
1795-18F6,Fc1ccc(CC2CCNCC2)cc1,,,,,,,,,,,,,,,,,,,,,,,,,,,,,,,,,,,,,,,,,,,,,,,,,,,,0.395,,,,,,,,,,,,
1797A-18F4,FCCCCc1ccc(CCOc2ncnc3ccccc23)cc1,,,,,,,,,,,0.08,,,,,,,,,0.06,,,,,,,,,,,,,,,,,,,,,,,,,,,,,,,,,,,,,,,,,,,,
1799A-18F10,Cc1c(SCc2ccc(CCCCF)cc2)oc2ccccc2c1=O,,,,,,,,,,,0.11,,,,,,,,,0.06,,,,,,,,,,,,,,,,,,,,,,,,,0.26,,,,,,,,,0.17,,,,,,,,,,
1799B-18F-RP1003,*CCCCc1ccc(CCOc2ncnc3ccccc23)cc1,,,,,,,,,0.09,,,,,,0.08,,,,,,,,,,,,,,,,,,,,,,,,,,,,,,,,,,,,,,,,,,,,,,,,,
1799B-18F-RP1004,CC(C)(C)n1ncc(OCc2ccc(CCCCF)cc2)c(Cl)c1=O,,,,,,,,,0.1,,,,,,0.08,,,,,,,,,,,,,,,,,,,,,,,,,,,,,,,,,,,,,,,,,,,,,,,,,
1799B-18F-RP1005,Cc1c(SCc2ccc(CCCCF)cc2)oc2ccccc2c1=O,,,,,,,,,0.09,,,,,,0.09,,,,,,,,,,,,,,,,,,,,,,,,,,,,,,,,,,,,,,,,,,,,,,,,,
1801B-18FFM-SA4503,COc1cc(CCN2CCN(CCCc3ccccc3)CC2)ccc1OCF,,,,0.93,,,,,0.48,,0.38,,,,0.25,,,,,0.21,,,,,,,,,,,,,,,,,,3.15,,,,,3.39,,4.3,,,,3.87,,,,,3.78,,,,,,,,,,
1804-18FSAV03M,COC(=O)[C@H](NS(=O)(=O)c1ccc(C#CCCCCF)cc1)C(C)C,,,,,,,,,,,0.56,,,,,,,,,0.19,,,,,,,,,,,,,,,,,,,,,,,,,0.54,,,,,,,,,0.22,,,,,,,,,,
1804-18SAV03,CC(C)[C@@H](NS(=O)(=O)c1ccc(C#CCCCCF)cc1)C(=O)O,,,,,,,,,,,0.43,,,,,,,,,0.1,,,,,,,,,,,,,,,,,,,,,,,,,0.04,,,,,,,,,0.03,,,,,,,,,,
1806-18F-SC58125,CS(=O)(=O)c1ccc(-n2nc(C(F)(F)F)cc2-c2ccc(F)cc2)cc1,,,,,,,0.07,,,,0.11,,,,0.09,,,,,,,,0.08,,,,,,,,,,,,,,,,,,0.25,,,,0.35,,,,0.25,,,,,,,,0.25,,,,,,,
1806-18F-SC63217,COc1ccc(-n2nc(C(F)(F)F)cc2-c2ccc(F)cc2)cc1,,,,,,,0.01,,,,0.04,,,,0.03,,,,,,,,0.02,,,,,,,,,,,,,,,,,,0.02,,,,0.16,,,,0.08,,,,,,,,0.02,,,,,,,
1816-FTP,O=C(O)CCSCCCCCCCCCCCCS(=O)(=O)C(F)(F)F,,,,,,,,,,,0.032,,,,,,,,,0.026,,,,,,,,,,,,,,,,,,,,,,,,,0.022,,,,,,,,,0.018,,,,,,,,,,
1819-18FBF-227,CN(C)c1ncc(/C=C/c2nc3ccc(OCCF)cc3o2)s1,,,2.93,,,,,,,,2.14,,,,2.09,,,,,,,,,,,,,,,,,,,,,,6.05,,,,,,,,1.91,,,,1.67,,,,,,,,,,,,,,,
1819-18FFACT,CN(C)c1ncc(/C=C/c2nc3ccc(OC(CO)CF)cc3o2)s1,,,3.65,,,,,,,,1.19,,,,0.64,,,,,,,,,,,,,,,,,,,,,,4.64,,,,,,,,0.53,,,,0.28,,,,,,,,,,,,,,,
1819-18FTHK-525,FCCOc1ccc2nc(/C=C/c3cnc(N4CCOCC4)s3)oc2c1,,,2.82,,,,,,,,2.2,,,,1.91,,,,,,,,,,,,,,,,,,,,,,4.73,,,,,,,,2.05,,,,1.68,,,,,,,,,,,,,,,
1819-18FTHK-702,OCC(CF)Oc1ccc2nc(/C=C/c3cnc(N4CCOCC4)s3)oc2c1,,,3.34,,,,,,,,1.06,,,,0.67,,,,,,,,,,,,,,,,,,,,,,4.15,,,,,,,,0.53,,,,0.35,,,,,,,,,,,,,,,
1819-18FTHK-727,OCC(CF)COc1ccc2nc(/C=C/c3cnc(N4CCOCC4)s3)oc2c1,,,2.94,,,,,,,,1.52,,,,0.66,,,,,,,,,,,,,,,,,,,,,,4.06,,,,,,,,1.04,,,,0.69,,,,,,,,,,,,,,,
1820C-18FFTPP,Fc1ccc([P+](c2ccccc2)(c2ccccc2)c2ccccc2)cc1,,,,0.15,,,,,,,0.02,,,,0.02,,,,,,,,,,,,,,,,,,,,,,,0.02,,,,,,,0.01,,,,0.01,,,,,,,,,,,,,,,
1820E-18-FLT,Cc1cn([C@H]2C[C@H](F)[C@@H](CO)O2)c(=O)[nH]c1=O,,,,,,,,,,,,,,,0.35,,,,,,,,,,,,,,,,,,,,,,,,,,,,,,,,,,0.06,,,,,,,,,,,,,,,
1821A-18FCP99219,N[C@H]1[C@@H]2CN(c3nc4c(cc3F)c(=O)c(C(=O)O)cn4-c3ccc(F)cc3F)C[C@H]12,,,,0..303,,,,,,,0.2,,,,0.09,,,,,0.04,,,,,,,,,,,,,,,,,,,,,,,,,,,,,,,,,,,,,,,,,,,,
1825-18FWC-59,COc1ccc(C)cc1NC(=O)OC1CC2CCCC(C1)N2Cc1ccc(CCF)cc1,,,,1.88,,,,,,,0.99,,,,0.93,,,,,0.59,,,,,,,,,,,,,,,,,,2.65,,,,,,,2.12,,,,1.55,,,,,1.16,,,,,,,,,,
1826-11CWC-98,COc1ccc(CN2C(=O)C(=O)c3cc(S(=O)(=O)N4CCC[C@H]4COc4ccccc4)ccc32)cc1,,,,1.797,,,,,,,0.148,,,,,,,,,,,,,,,,,,,,,,,,,,,,,,,,,,,,,,,,,,,,,,,,,,,,,
1826-18FWC-IV-3,O=C1C(=O)N(Cc2ccc(OCCF)cc2)c2ccc(S(=O)(=O)N3CC[C@H]3COc3ccccc3)cc21,,,,1.658,,,,,,,0.142,,,,0.097,,,,,,,,,,,,,,,,,,,,,,,0.076,,,,,,,0.029,,,,0.029,,,,,,,,,,,,,,,
